,leiden_labels
D101_5,5
D101_43,5
D101_93,5
D102_4,5
D172444_23,5
D172444_68,5
D17All1_2,5
D17All1_18,5
D17All1_28,5
D17All1_72,5
D17All2_14,5
D17All2_28,5
D17All2_38,5
D17All2_46,5
D17All2_63,5
D17All2_85,5
D17All2_92,5
D73_20,5
D28-1_74,5
D28-1_76,5
D28-1_85,5
D28-2_37,5
D28-2_63,5
D28-2_91,5
D28-3_14,5
D28-3_18,5
D28-4_26,5
D28-4_38,5
D28-4_90,5
D28-5_2,5
D28-7_4,5
D28-8_38,5
D29-1_12,5
D29-1_15,5
D29-1_35,5
D29-1_58,5
D29-1_66,5
D29-1_67,5
D29-1_71,5
D29-1_72,5
D29-1_73,5
D29-1_86,5
D29-1_90,5
D29-2_19,5
D29-2_42,5
D29-2_43,5
D29-2_47,5
D29-2_58,5
D29-2_59,5
D29-2_64,5
D29-2_68,5
D29-2_78,5
D29-2_87,5
D29-2_92,5
D29-3_15,5
D29-3_16,5
D29-3_32,5
D29-3_44,5
D29-3_71,5
D29-4_3,5
D29-4_4,5
D29-4_6,5
D29-4_20,5
D29-4_48,5
D29-4_86,5
D29-5_6,5
D29-5_51,5
D29-5_79,5
D29-6_4,5
D29-6_6,5
D29-6_9,5
D29-6_11,5
D29-6_33,5
D29-6_55,5
D29-6_88,5
D29-7_8,5
D29-7_23,3
D29-7_30,5
D29-7_34,5
D29-7_35,5
D29-7_36,5
D29-7_40,5
D29-7_60,5
D29-7_61,5
D29-7_77,5
D29-7_89,5
D29-7_93,5
D29-7_94,5
D29-8_19,5
D29-8_43,5
D29-8_48,5
D30-2_8,5
D30-3_15,5
D30-3_21,5
D30-5_74,5
D30-6_90,5
D31-1_65,5
D31-1_79,5
D31-1_80,5
D31-1_81,5
D31-2_55,5
D31-2_60,5
D31-3_30,5
D31-3_51,5
D31-3_54,5
D31-3_56,5
D31-3_61,5
D31-3_72,5
D31-3_77,5
D31-4_4,5
D31-4_15,5
D31-4_37,5
D31-4_40,5
D31-6_5,5
D31-6_32,5
D31-6_71,5
D31-7_15,5
D31-7_79,5
D31-7_92,5
D31-8_10,5
D31-8_15,5
D31-8_16,5
D31-8_25,5
D31-8_26,5
D31-8_36,5
D31-8_67,5
D31-8_70,5
D31-8_87,5
10th_C58_S111,5
10th_C6_S88,5
10th_C78_S114,5
10th_C8_S52,5
11th-C10_S63,5
11th-C39_S21,5
3rd-C40_S57,5
3rd-C44_S32,5
3rd-C47_S35,5
3rd-C53_S67,5
5th-C9_S92,6
7th-C24_S40,5
7th-C82_S64,5
8th-C69_S119,5
8th-C91_S158,5
8th-C92_S157,5
9th-C66_S33,5
9th-C79_S57,5
AZ_A2,5
AZ_H5,5
AZ_G5,5
AZ_D8,5
AZ_D12,5
HP1502401_H13,5
HP1502401_L14,5
HP1502401_K14,5
HP1502401_F17,5
HP1502401_E5,5
HP1502401_E7,5
HP1502401_B18,5
HP1502401_K24,5
HP1502401_K23,5
HP1502401_F18,5
HP1502401_G11,5
HP1502401_G12,5
HP1502401_N23,5
HP1502401_B15,5
HP1502401_N11,5
HP1502401_N9,5
HP1502401_F15,5
HP1502401_B11,5
HP1502401_I8,5
HP1504101T2D_B4,5
HP1504101T2D_B10,5
HP1504101T2D_G16,5
HP1504101T2D_A15,5
HP1504101T2D_K2,5
HP1504101T2D_B22,5
HP1504101T2D_G4,5
HP1504101T2D_L13,5
HP1504101T2D_B24,5
HP1504101T2D_H14,5
HP1504101T2D_A20,5
HP1504101T2D_I7,5
HP1504101T2D_E11,5
HP1504101T2D_E18,5
HP1504101T2D_L15,5
HP1504101T2D_D17,5
HP1504101T2D_A4,5
HP1504101T2D_P9,5
HP1504101T2D_F11,5
HP1504101T2D_O4,5
HP1504101T2D_E4,5
HP1504101T2D_I16,5
HP1504101T2D_D1,0
HP1504101T2D_D18,5
HP1504101T2D_F2,5
HP1504101T2D_I15,5
HP1504101T2D_I10,5
HP1504101T2D_E14,5
HP1504101T2D_P24,5
HP1504101T2D_E9,5
HP1504101T2D_B17,5
HP1504101T2D_N20,5
HP1504101T2D_C12,5
HP1504101T2D_I19,5
HP1504101T2D_M1,5
HP1504101T2D_A13,5
HP1504101T2D_D21,5
HP1504101T2D_B18,5
HP1504101T2D_A17,5
HP1504101T2D_E7,5
HP1504101T2D_G3,5
HP1504101T2D_C21,5
HP1504101T2D_K8,5
HP1504101T2D_D24,5
HP1504101T2D_F14,5
HP1504101T2D_B5,5
HP1504101T2D_L24,5
HP1504101T2D_B12,5
HP1504101T2D_E8,5
HP1504101T2D_L1,5
HP1504101T2D_J3,5
HP1504101T2D_G21,5
HP1504101T2D_D15,5
HP1504101T2D_D23,5
HP1504101T2D_H1,5
HP1504101T2D_D12,5
HP1504101T2D_F13,5
HP1504101T2D_J9,5
HP1504101T2D_H24,5
HP1504101T2D_E20,5
HP1504101T2D_P12,5
HP1504101T2D_J22,5
HP1504101T2D_O11,5
HP1504101T2D_J5,5
HP1504101T2D_G8,5
HP1504101T2D_D11,5
HP1504101T2D_O23,5
HP1504101T2D_F20,5
HP1504101T2D_M3,5
HP1504101T2D_N16,5
HP1504101T2D_A18,5
HP1504101T2D_F16,5
HP1504901_L12,5
HP1504901_N9,5
HP1504901_F15,5
HP1504901_G20,5
HP1504901_H19,5
HP1504901_B8,5
HP1504901_O1,5
HP1504901_F18,5
HP1504901_H14,5
HP1504901_F1,5
HP1504901_B20,5
HP1504901_O21,5
HP1504901_A5,5
HP1504901_L18,5
HP1504901_D9,5
HP1504901_K14,5
HP1504901_N15,5
HP1504901_B23,5
HP1504901_O5,10
HP1504901_J9,5
HP1504901_M4,5
HP1504901_B6,5
HP1504901_E23,5
HP1504901_O24,5
HP1504901_L3,5
HP1504901_I18,5
HP1504901_D24,5
HP1504901_I22,5
HP1504901_C14,5
HP1504901_C23,5
HP1504901_L9,5
HP1504901_N23,5
HP1506401_I2,5
HP1506401_I1,5
HP1506401_E3,5
HP1506401_B22,5
HP1506401_N7,5
HP1506401_I14,5
HP1506401_G8,5
HP1506401_H12,5
HP1506401_E12,5
HP1506401_B4,5
HP1506401_K23,5
HP1506401_I17,5
HP1506401_H11,5
HP1506401_F14,5
HP1506401_K22,5
HP1506401_O6,5
HP1506401_D9,5
HP1506401_L17,5
HP1506401_M6,5
HP1506401_B3,5
HP1506401_M24,5
HP1506401_H19,5
HP1507101_J9,5
HP1507101_D19,5
HP1507101_M22,5
HP1507101_B20,5
HP1507101_F9,5
HP1508501T2D_A19,5
HP1508501T2D_K16,5
HP1508501T2D_H18,5
HP1508501T2D_J17,0
HP1508501T2D_B10,5
HP1508501T2D_N18,5
HP1508501T2D_F11,5
HP1508501T2D_G22,5
HP1508501T2D_P4,5
HP1509101_F21,5
HP1509101_O8,5
HP1509101_G8,5
HP1509101_K8,5
HP1525301T2D_E19,5
HP1525301T2D_B5,5
HP1525301T2D_E3,5
HP1525301T2D_G23,5
HP1525301T2D_J18,5
HP1525301T2D_B8,5
HP1525301T2D_A16,5
HP1525301T2D_D12,5
HP1525301T2D_N21,5
HP1525301T2D_O11,5
HP1526901T2D_K12,5
HP1526901T2D_A20,5
HP1526901T2D_C13,5
HP1526901T2D_C19,5
HP1526901T2D_H23,5
HP1526901T2D_K11,5
HP1526901T2D_L14,5
HP1526901T2D_L7,5
HP1526901T2D_G1,5
HP1526901T2D_N18,5
HP1526901T2D_H16,5
HP1526901T2D_K21,5
HP1526901T2D_P23,5
HP1526901T2D_N20,5
HP1526901T2D_I24,5
HP1526901T2D_A15,5
HP1526901T2D_D10,5
HP1526901T2D_O3,5
HP1526901T2D_E4,5
HP1526901T2D_F12,5
HP1526901T2D_O10,5
HP1526901T2D_E10,5
HP1526901T2D_L12,5
HP1526901T2D_M22,5
HP1526901T2D_F20,5
HP1526901T2D_G19,5
HP1526901T2D_D14,5
HP1526901T2D_E5,5
HP1526901T2D_G9,5
HP1526901T2D_B13,5
HP1526901T2D_H3,5
HP1526901T2D_J17,5
HP1526901T2D_N19,5
HP1526901T2D_M3,5
HP1526901T2D_F7,5
D101_7,3
D101_50,3
D101_51,3
D101_52,3
D101_74,3
D101_82,3
D102_26,3
D102_51,3
D102_54,3
D102_69,3
D102_71,3
D102_76,3
D102_91,3
D10631_15,3
D10631_17,3
D10631_38,3
D10631_48,3
D10631_50,3
D10631_53,3
D10631_54,3
D10631_57,3
D10631_66,3
D10631_67,3
D10631_69,3
D10631_91,3
D10631_95,3
D10631_96,3
D1713_8,3
D1713_15,3
D1713_16,3
D1713_27,3
D1713_29,3
D1713_33,3
D1713_42,3
D1713_50,3
D1713_58,3
D1713_61,3
D1713_63,3
D1713_67,3
D1713_68,3
D1713_69,3
D1713_70,3
D1713_71,3
D1713_72,3
D1713_80,3
D1713_89,3
D1713_91,3
D172444_19,3
D17All1_36,3
D17All1_50,3
D17All1_52,3
D17All1_69,3
D17All1_92,3
D17All2_3,3
D17All2_79,3
D17TGFB_4,3
D17TGFB_6,3
D17TGFB_8,3
D17TGFB_9,3
D17TGFB_10,3
D17TGFB_12,3
D17TGFB_14,3
D17TGFB_17,3
D17TGFB_21,3
D17TGFB_22,3
D17TGFB_23,3
D17TGFB_26,3
D17TGFB_31,3
D17TGFB_32,3
D17TGFB_33,3
D17TGFB_36,3
D17TGFB_38,3
D17TGFB_39,3
D17TGFB_41,3
D17TGFB_43,3
D17TGFB_44,3
D17TGFB_45,3
D17TGFB_47,3
D17TGFB_49,3
D17TGFB_51,3
D17TGFB_54,3
D17TGFB_56,3
D17TGFB_57,3
D17TGFB_58,3
D17TGFB_59,3
D17TGFB_61,3
D17TGFB_66,3
D17TGFB_67,3
D17TGFB_71,3
D17TGFB_74,3
D17TGFB_76,3
D17TGFB_80,3
D17TGFB_85,3
D17TGFB_89,3
D17TGFB_92,3
D17TGFB_93,3
D2ex_1,3
D2ex_2,3
D2ex_3,3
D2ex_10,3
D2ex_13,6
D2ex_15,3
D2ex_16,3
D2ex_18,3
D2ex_21,3
D2ex_24,3
D2ex_26,3
D2ex_28,3
D2ex_34,3
D2ex_37,3
D2ex_40,3
D2ex_41,3
D2ex_42,3
D2ex_44,3
D2ex_46,3
D2ex_51,3
D2ex_59,3
D2ex_61,3
D2ex_66,3
D2ex_69,3
D2ex_70,3
D2ex_76,3
D2ex_79,3
D2ex_86,3
D2ex_92,3
D3en1_1,3
D3en1_5,3
D3en1_10,3
D3en1_11,3
D3en1_13,3
D3en1_26,3
D3en1_37,3
D3en1_41,3
D3en1_45,3
D3en1_48,3
D3en1_49,3
D3en1_56,3
D3en1_68,3
D3en1_73,3
D3en1_84,3
D3en2_5,3
D3en2_6,3
D3en2_16,3
D3en2_21,3
D3en2_23,3
D3en2_25,3
D3en2_26,3
D3en2_27,3
D3en2_31,3
D3en2_32,3
D3en2_33,3
D3en2_37,3
D3en2_39,3
D3en2_42,3
D3en2_45,3
D3en2_48,3
D3en2_57,3
D3en2_66,3
D3en2_72,3
D3en2_74,3
D3en2_90,3
D3en3_2,3
D3en3_9,3
D3en3_39,3
D3en3_46,3
D3en3_50,3
D3en3_64,3
D3en3_68,3
D3en3_72,3
D3en3_89,3
D3en4_7,3
D3en4_8,3
D3en4_9,3
D3en4_12,3
D3en4_14,3
D3en4_20,3
D3en4_25,3
D3en4_26,3
D3en4_30,3
D3en4_31,3
D3en4_32,3
D3en4_35,3
D3en4_39,3
D3en4_42,3
D3en4_46,3
D3en4_48,3
D3en4_54,3
D3en4_60,3
D3en4_68,3
D3en4_69,3
D3en4_72,3
D3en4_83,3
D3en4_87,3
D3en4_92,3
D3ex_5,3
D3ex_6,3
D3ex_36,3
D3ex_68,7
D3ex_71,3
D3ex_74,3
D3ex_76,3
D3ex_83,3
D71_2,3
D71_5,3
D71_10,3
D71_16,3
D71_34,3
D71_39,3
D71_78,3
D71_92,3
D72_1,3
D72_18,3
D72_22,3
D72_33,3
D72_40,6
D72_95,3
D73_35,6
D73_37,3
D73_43,3
D73_48,3
D73_52,3
D73_68,3
D73_83,3
D74_14,3
D74_62,3
D74_76,3
D74_81,3
D74_90,3
D28-1_37,3
D28-1_38,3
D28-1_50,3
D28-1_55,3
D28-1_62,3
D28-1_67,3
D28-1_68,3
D28-1_86,3
D28-1_87,3
D28-2_1,3
D28-2_4,3
D28-2_15,3
D28-2_18,3
D28-2_39,3
D28-2_42,3
D28-2_49,3
D28-2_53,3
D28-2_61,3
D28-2_74,3
D28-2_75,3
D28-2_78,3
D28-2_86,3
D28-2_87,3
D28-2_89,3
D28-3_4,3
D28-3_25,3
D28-3_26,3
D28-3_28,3
D28-3_31,3
D28-3_44,3
D28-3_51,3
D28-3_52,3
D28-3_62,3
D28-3_65,3
D28-3_75,3
D28-3_77,3
D28-3_85,3
D28-3_90,3
D28-3_91,3
D28-4_4,3
D28-4_17,3
D28-4_28,3
D28-4_40,3
D28-4_49,3
D28-4_51,3
D28-4_53,3
D28-4_54,3
D28-4_61,3
D28-4_63,3
D28-4_67,3
D28-4_75,3
D28-4_85,3
D28-4_86,3
D28-4_89,3
D28-5_3,3
D28-5_17,3
D28-5_27,3
D28-5_29,3
D28-5_31,3
D28-5_37,3
D28-5_38,3
D28-5_42,3
D28-5_54,3
D28-5_62,3
D28-5_63,3
D28-5_77,3
D28-5_78,3
D28-6_2,3
D28-6_4,3
D28-6_14,3
D28-6_19,3
D28-6_38,3
D28-6_41,3
D28-6_42,3
D28-6_50,3
D28-6_51,3
D28-6_61,3
D28-6_62,3
D28-6_63,3
D28-6_66,3
D28-6_73,3
D28-6_74,3
D28-6_76,3
D28-6_89,3
D28-7_1,3
D28-7_37,3
D28-7_39,3
D28-7_41,3
D28-7_51,3
D28-7_52,3
D28-7_62,3
D28-7_64,3
D28-7_75,3
D28-7_78,3
D28-8_6,3
D28-8_39,3
D28-8_49,3
D28-8_53,3
D28-8_63,3
D28-8_75,3
D28-8_77,3
D29-1_68,3
D29-5_73,3
D29-5_78,3
D29-7_5,3
D29-7_49,3
D30-1_1,3
D30-1_19,3
D30-1_29,3
D30-1_30,3
D30-1_36,3
D30-1_55,3
D30-1_61,3
D30-1_63,3
D30-1_72,3
D30-1_91,3
D30-2_1,3
D30-2_11,3
D30-2_17,3
D30-2_27,3
D30-2_41,3
D30-2_42,3
D30-2_43,3
D30-2_45,3
D30-2_51,3
D30-2_53,3
D30-2_56,3
D30-2_76,3
D30-3_2,3
D30-3_45,3
D30-3_63,3
D30-3_91,3
D30-4_18,3
D30-4_23,3
D30-4_62,3
D30-4_81,3
D30-4_82,3
D30-5_36,3
D30-5_45,3
D30-5_79,3
D30-5_89,3
D30-6_5,3
D30-6_37,3
D30-6_40,3
D30-6_44,3
D30-6_80,3
D30-7_1,3
D30-7_11,3
D30-7_20,3
D30-7_24,3
D30-7_28,3
D30-7_39,3
D30-7_91,3
D30-8_24,3
D30-8_33,3
D30-8_36,3
D30-8_37,3
D30-8_63,3
D30-8_65,3
D30-8_69,3
D30-8_81,3
D30-8_84,3
D31-1_5,3
D31-1_7,3
D31-1_9,3
D31-1_11,3
D31-1_19,3
D31-1_21,3
D31-1_22,3
D31-1_25,3
D31-1_27,3
D31-1_44,3
D31-1_45,3
D31-1_48,3
D31-1_51,3
D31-1_58,3
D31-1_70,3
D31-1_88,3
D31-2_6,3
D31-2_15,3
D31-2_18,3
D31-2_26,3
D31-2_30,3
D31-2_38,3
D31-2_53,3
D31-2_61,3
D31-2_69,3
D31-2_75,3
D31-2_83,3
D31-2_86,3
D31-2_87,3
D31-3_1,3
D31-3_14,3
D31-3_23,3
D31-3_25,3
D31-3_26,3
D31-3_36,3
D31-3_40,3
D31-3_47,3
D31-3_48,3
D31-3_53,3
D31-3_60,3
D31-3_63,3
D31-3_64,3
D31-3_69,3
D31-3_73,3
D31-3_78,3
D31-3_86,3
D31-3_89,3
D31-4_9,3
D31-4_13,3
D31-4_14,3
D31-4_36,3
D31-4_41,3
D31-4_43,3
D31-4_48,3
D31-4_55,3
D31-4_70,3
D31-4_72,3
D31-4_79,3
D31-4_90,3
D31-4_91,3
D31-4_93,3
D31-5_1,3
D31-5_4,3
D31-5_16,3
D31-5_34,3
D31-5_39,3
D31-5_45,3
D31-5_48,3
D31-5_57,3
D31-5_60,3
D31-5_69,3
D31-5_70,3
D31-5_75,3
D31-5_89,3
D31-5_92,3
D31-6_9,3
D31-6_11,3
D31-6_13,3
D31-6_21,3
D31-6_24,3
D31-6_29,3
D31-6_33,3
D31-6_39,3
D31-6_40,3
D31-6_43,3
D31-6_52,3
D31-6_53,3
D31-6_61,3
D31-6_62,3
D31-6_66,3
D31-6_69,3
D31-6_75,3
D31-6_81,3
D31-6_86,3
D31-7_9,3
D31-7_11,3
D31-7_21,3
D31-7_38,3
D31-7_58,3
D31-7_63,3
D31-7_70,3
D31-7_77,3
D31-8_4,3
D31-8_7,3
D31-8_11,3
D31-8_27,3
D31-8_40,3
D31-8_53,3
D31-8_63,3
D31-8_81,3
D31-8_89,3
D31-8_91,3
10th_C42_S109,3
10th_C63_S82,3
10th_C86_S78,3
10th_C87_S71,3
11th-C64_S72,3
12th-C53_S168,3
13th_C27_S151,3
4th-C27_S51,3
4th-C95_S95,3
5th-C10_S92,3
5th-C19_S104,3
5th-C40_S112,3
5th-C42_S114,3
5th-C45_S123,3
5th-C50_S90,3
5th-C54_S89,3
5th-C56_S95,3
5th-C58_S93,3
5th-C73_S111,3
5th-C81_S115,3
5th-C88_S117,3
AZ_B8,3
AZ_A7,3
AZ_H10,3
AZ_F6,3
HP1502401_A14,3
HP1502401_I14,3
HP1502401_F13,3
HP1502401_G18,3
HP1502401_N2,3
HP1502401_O14,3
HP1502401_B17,3
HP1502401_M8,3
HP1502401_K10,3
HP1502401_D10,3
HP1502401_D11,3
HP1502401_A22,3
HP1502401_K12,3
HP1502401_D2,3
HP1502401_E23,3
HP1502401_E24,3
HP1502401_E2,3
HP1502401_C1,3
HP1502401_J2,3
HP1502401_M22,3
HP1502401_E20,3
HP1504101T2D_L14,3
HP1504101T2D_K19,3
HP1504101T2D_I6,3
HP1504101T2D_A10,3
HP1504101T2D_C11,3
HP1504101T2D_K10,3
HP1504101T2D_J16,3
HP1504101T2D_F1,3
HP1504901_F23,3
HP1504901_D13,3
HP1504901_O4,3
HP1504901_H16,3
HP1506401_K2,3
HP1506401_M1,3
HP1506401_D14,3
HP1506401_A9,3
HP1506401_J9,3
HP1506401_N1,3
HP1506401_G14,3
HP1506401_O16,3
HP1506401_D3,3
HP1506401_E23,3
HP1506401_N9,3
HP1506401_L19,3
HP1506401_H15,3
HP1506401_H16,3
HP1506401_C24,3
HP1506401_N21,3
HP1506401_J2,3
HP1506401_B1,3
HP1506401_I15,3
HP1506401_M3,3
HP1506401_D24,3
HP1506401_J24,3
HP1506401_J6,3
HP1506401_N5,3
HP1506401_E20,3
HP1506401_F16,3
HP1506401_M18,3
HP1506401_I13,3
HP1506401_L18,3
HP1506401_H18,3
HP1506401_F2,3
HP1506401_M4,3
HP1506401_J3,3
HP1506401_L22,3
HP1506401_N24,3
HP1506401_M19,3
HP1506401_J23,3
HP1506401_D23,3
HP1506401_B5,3
HP1506401_K6,3
HP1506401_O21,3
HP1506401_L9,3
HP1506401_E18,3
HP1506401_G4,3
HP1506401_D12,3
HP1506401_B14,3
HP1506401_P17,3
HP1506401_B16,3
HP1506401_I6,3
HP1506401_K15,3
HP1506401_C13,3
HP1506401_O7,3
HP1506401_K14,3
HP1506401_M17,3
HP1506401_J14,3
HP1506401_N15,3
HP1506401_O18,3
HP1506401_G15,3
HP1506401_F5,3
HP1506401_L3,3
HP1506401_A7,3
HP1506401_M8,3
HP1506401_A6,3
HP1506401_F3,3
HP1506401_E24,3
HP1506401_J15,3
HP1506401_I10,3
HP1506401_G16,3
HP1506401_P23,3
HP1506401_B6,3
HP1506401_N22,3
HP1506401_C7,3
HP1506401_C23,3
HP1506401_H1,3
HP1506401_N23,3
HP1506401_H3,3
HP1506401_L11,3
HP1506401_E14,3
HP1506401_O12,3
HP1506401_J11,3
HP1506401_P10,3
HP1507101_E22,3
HP1507101_J7,3
HP1507101_L17,3
HP1508501T2D_A23,3
HP1508501T2D_I24,3
HP1508501T2D_J23,3
HP1508501T2D_N13,3
HP1508501T2D_N24,3
HP1508501T2D_O7,3
HP1508501T2D_M11,3
HP1508501T2D_G12,3
HP1508501T2D_M7,3
HP1508501T2D_G19,3
HP1508501T2D_O13,3
HP1508501T2D_M18,3
HP1508501T2D_K6,3
HP1508501T2D_F21,3
HP1508501T2D_H16,3
HP1508501T2D_G17,3
HP1508501T2D_I10,3
HP1508501T2D_E4,3
HP1508501T2D_L2,3
HP1508501T2D_D9,3
HP1508501T2D_G18,3
HP1508501T2D_P2,3
HP1508501T2D_B14,3
HP1508501T2D_D18,3
HP1508501T2D_N21,3
HP1508501T2D_G23,3
HP1508501T2D_I7,3
HP1508501T2D_O11,3
HP1508501T2D_A11,3
HP1509101_B16,3
HP1509101_F18,3
HP1525301T2D_H9,3
HP1525301T2D_J5,3
HP1525301T2D_D10,3
HP1525301T2D_F10,3
HP1525301T2D_J23,3
HP1525301T2D_J16,3
HP1525301T2D_F5,3
HP1525301T2D_E2,3
HP1525301T2D_C14,3
HP1525301T2D_D6,3
HP1525301T2D_O3,3
HP1525301T2D_G17,3
HP1525301T2D_C23,3
HP1525301T2D_L5,3
HP1525301T2D_C7,3
HP1525301T2D_M5,3
HP1525301T2D_N10,3
HP1525301T2D_K8,3
HP1525301T2D_K7,3
HP1525301T2D_K5,3
HP1525301T2D_F3,3
HP1525301T2D_B12,3
HP1526901T2D_N4,3
HP1526901T2D_N7,3
HP1526901T2D_D7,3
HP1526901T2D_K17,3
HP1526901T2D_L15,3
HP1526901T2D_A6,3
HP1526901T2D_I12,3
HP1526901T2D_N5,3
HP1526901T2D_I17,3
HP1526901T2D_M18,3
HP1526901T2D_E16,3
HP1526901T2D_O19,3
HP1526901T2D_C8,3
HP1526901T2D_H2,3
D101_10,0
D101_25,0
D101_66,10
D101_69,1
D101_81,0
D101_84,0
D101_95,0
D102_68,0
D102_78,10
D102_93,0
D10631_29,3
D10631_61,0
D1713_9,0
D1713_21,0
D1713_51,8
D1713_90,0
D172444_4,0
D172444_8,0
D172444_9,0
D172444_10,0
D172444_12,0
D172444_13,0
D172444_14,0
D172444_17,0
D172444_22,0
D172444_25,0
D172444_26,0
D172444_28,0
D172444_29,0
D172444_30,0
D172444_31,0
D172444_32,0
D172444_33,0
D172444_34,0
D172444_35,0
D172444_36,0
D172444_37,0
D172444_38,0
D172444_41,0
D172444_42,0
D172444_43,0
D172444_46,0
D172444_49,0
D172444_52,0
D172444_53,0
D172444_54,0
D172444_56,0
D172444_57,0
D172444_58,0
D172444_60,0
D172444_62,0
D172444_64,0
D172444_66,0
D172444_71,0
D172444_72,0
D172444_73,0
D172444_75,0
D172444_77,0
D172444_78,0
D172444_79,0
D172444_81,0
D172444_83,0
D172444_85,0
D172444_87,0
D172444_88,0
D172444_90,0
D172444_91,0
D172444_92,0
D172444_93,0
D17All1_1,0
D17All1_4,0
D17All1_8,0
D17All1_10,0
D17All1_27,0
D17All1_30,0
D17All1_42,0
D17All1_43,0
D17All1_46,0
D17All1_49,0
D17All1_55,0
D17All1_57,0
D17All1_58,0
D17All1_62,0
D17All1_64,0
D17All1_73,0
D17All1_74,0
D17All1_88,0
D17All1_89,0
D17All1_93,0
D17All2_1,0
D17All2_6,0
D17All2_9,0
D17All2_11,0
D17All2_15,0
D17All2_16,0
D17All2_17,0
D17All2_24,0
D17All2_27,0
D17All2_32,0
D17All2_37,0
D17All2_39,0
D17All2_40,0
D17All2_43,0
D17All2_44,0
D17All2_45,0
D17All2_47,0
D17All2_52,0
D17All2_62,0
D17All2_74,0
D17All2_80,7
D17All2_84,0
D17TGFB_1,0
D17TGFB_2,0
D17TGFB_11,0
D17TGFB_13,0
D17TGFB_15,0
D17TGFB_20,0
D17TGFB_35,0
D17TGFB_40,0
D17TGFB_42,0
D17TGFB_48,0
D17TGFB_52,0
D17TGFB_53,0
D17TGFB_63,0
D17TGFB_65,0
D17TGFB_69,0
D17TGFB_70,0
D17TGFB_73,0
D17TGFB_75,0
D17TGFB_78,0
D17TGFB_82,0
D17TGFB_90,0
D17TGFB_91,0
D17TGFB_94,0
D17TGFB_95,0
D3en2_58,0
D3en4_22,0
D3en4_47,0
D3en4_71,0
D3en4_91,0
D71_3,0
D71_20,0
D71_37,0
D71_40,0
D71_43,0
D71_58,8
D71_76,0
D71_93,0
D72_2,0
D72_8,0
D72_10,0
D72_47,0
D72_54,0
D72_67,0
D72_85,0
D72_88,0
D72_91,0
D72_92,0
D73_1,0
D73_3,0
D73_6,0
D73_10,0
D73_14,0
D73_17,0
D73_31,0
D73_32,0
D73_33,0
D73_36,0
D73_41,0
D73_58,0
D73_59,0
D73_69,0
D73_79,0
D73_81,0
D74_8,0
D74_29,0
D74_32,0
D74_41,0
D74_42,0
D74_52,0
D74_55,0
D74_56,0
D74_57,0
D74_67,0
D74_68,0
D74_70,0
D74_75,0
D74_85,0
D74_87,0
D74_88,0
D74_95,0
D28-1_1,0
D28-1_15,0
D28-1_17,0
D28-1_29,0
D28-1_30,0
D28-1_39,0
D28-1_40,0
D28-1_41,0
D28-1_51,0
D28-1_63,0
D28-1_65,2
D28-1_75,0
D28-1_88,0
D28-2_2,0
D28-2_5,0
D28-2_28,6
D28-2_43,0
D28-2_51,0
D28-2_52,0
D28-2_65,0
D28-2_68,0
D28-2_85,0
D28-2_90,0
D28-3_3,0
D28-3_5,0
D28-3_7,0
D28-3_8,0
D28-3_13,10
D28-3_15,0
D28-3_38,0
D28-3_40,3
D28-3_42,0
D28-3_50,10
D28-3_55,0
D28-3_64,0
D28-3_68,0
D28-3_69,0
D28-3_76,0
D28-3_79,0
D28-3_92,0
D28-4_13,0
D28-4_15,0
D28-4_27,0
D28-4_29,0
D28-4_30,0
D28-4_37,0
D28-4_39,0
D28-4_41,0
D28-4_56,0
D28-4_62,0
D28-4_65,0
D28-4_76,0
D28-4_87,0
D28-5_13,0
D28-5_14,0
D28-5_15,0
D28-5_40,0
D28-5_41,6
D28-5_50,0
D28-5_52,0
D28-5_64,0
D28-5_65,0
D28-5_74,0
D28-5_86,0
D28-5_87,0
D28-6_13,0
D28-6_29,7
D28-6_37,0
D28-6_52,0
D28-6_65,0
D28-6_77,0
D28-6_88,0
D28-7_3,0
D28-7_5,0
D28-7_7,0
D28-7_13,0
D28-7_16,0
D28-7_19,0
D28-7_49,10
D28-7_53,0
D28-7_61,0
D28-7_63,0
D28-7_65,7
D28-7_66,0
D28-7_77,0
D28-8_2,0
D28-8_5,0
D28-8_14,0
D28-8_15,0
D28-8_18,0
D28-8_25,0
D28-8_27,0
D28-8_41,0
D28-8_74,0
D28-8_86,2
D29-1_1,0
D29-1_6,0
D29-1_7,0
D29-1_11,0
D29-1_13,0
D29-1_17,0
D29-1_18,0
D29-1_19,0
D29-1_20,0
D29-1_26,0
D29-1_27,0
D29-1_29,0
D29-1_32,0
D29-1_34,0
D29-1_37,0
D29-1_38,0
D29-1_41,0
D29-1_44,0
D29-1_46,0
D29-1_47,0
D29-1_50,0
D29-1_51,0
D29-1_55,0
D29-1_59,0
D29-1_60,0
D29-1_62,0
D29-1_69,0
D29-1_76,0
D29-1_80,0
D29-1_87,0
D29-1_89,0
D29-2_3,0
D29-2_6,0
D29-2_8,0
D29-2_13,0
D29-2_15,0
D29-2_22,0
D29-2_25,0
D29-2_28,0
D29-2_31,0
D29-2_33,0
D29-2_35,0
D29-2_37,0
D29-2_38,0
D29-2_39,0
D29-2_41,0
D29-2_45,0
D29-2_48,0
D29-2_51,0
D29-2_52,0
D29-2_67,0
D29-2_69,0
D29-2_71,0
D29-2_74,0
D29-2_75,0
D29-2_76,0
D29-2_84,0
D29-2_90,0
D29-2_91,0
D29-2_93,0
D29-2_94,0
D29-3_3,0
D29-3_18,0
D29-3_22,0
D29-3_25,0
D29-3_29,0
D29-3_30,0
D29-3_31,0
D29-3_33,0
D29-3_34,0
D29-3_38,0
D29-3_40,0
D29-3_42,0
D29-3_47,0
D29-3_49,0
D29-3_53,0
D29-3_54,0
D29-3_56,0
D29-3_60,0
D29-3_66,0
D29-3_72,0
D29-3_74,0
D29-3_76,0
D29-3_77,0
D29-3_79,0
D29-3_81,0
D29-3_84,0
D29-3_92,0
D29-3_93,0
D29-4_2,0
D29-4_5,0
D29-4_8,8
D29-4_9,0
D29-4_12,0
D29-4_13,0
D29-4_15,0
D29-4_16,0
D29-4_18,0
D29-4_22,0
D29-4_25,0
D29-4_26,0
D29-4_28,0
D29-4_29,0
D29-4_30,0
D29-4_33,0
D29-4_34,0
D29-4_35,0
D29-4_38,0
D29-4_46,0
D29-4_49,0
D29-4_50,0
D29-4_51,0
D29-4_53,0
D29-4_55,0
D29-4_56,0
D29-4_57,0
D29-4_58,0
D29-4_60,0
D29-4_61,0
D29-4_62,0
D29-4_65,0
D29-4_66,0
D29-4_68,0
D29-4_70,0
D29-4_72,0
D29-4_74,0
D29-4_75,0
D29-4_77,0
D29-4_80,0
D29-4_82,8
D29-4_85,0
D29-4_93,0
D29-5_3,0
D29-5_5,0
D29-5_7,0
D29-5_8,0
D29-5_11,0
D29-5_17,0
D29-5_18,0
D29-5_19,0
D29-5_24,0
D29-5_31,0
D29-5_33,0
D29-5_35,0
D29-5_39,0
D29-5_43,0
D29-5_44,0
D29-5_46,0
D29-5_49,0
D29-5_54,0
D29-5_56,0
D29-5_57,0
D29-5_59,0
D29-5_65,0
D29-5_67,0
D29-5_68,0
D29-5_71,0
D29-5_75,0
D29-5_82,0
D29-5_87,0
D29-5_92,0
D29-6_1,0
D29-6_8,0
D29-6_17,0
D29-6_19,0
D29-6_21,0
D29-6_24,0
D29-6_26,0
D29-6_27,0
D29-6_29,0
D29-6_34,0
D29-6_38,0
D29-6_40,0
D29-6_41,0
D29-6_42,0
D29-6_48,0
D29-6_51,0
D29-6_52,0
D29-6_53,0
D29-6_54,0
D29-6_57,0
D29-6_58,0
D29-6_60,0
D29-6_64,0
D29-6_65,0
D29-6_69,0
D29-6_78,0
D29-6_82,0
D29-6_83,0
D29-6_84,0
D29-6_86,0
D29-6_89,0
D29-6_90,0
D29-6_91,0
D29-6_94,0
D29-7_1,0
D29-7_6,0
D29-7_25,0
D29-7_32,0
D29-7_33,0
D29-7_38,0
D29-7_43,0
D29-7_44,0
D29-7_46,0
D29-7_47,0
D29-7_50,0
D29-7_51,0
D29-7_55,0
D29-7_56,0
D29-7_57,0
D29-7_59,0
D29-7_64,0
D29-7_65,0
D29-7_70,0
D29-7_72,0
D29-7_73,0
D29-7_76,0
D29-7_80,0
D29-7_82,0
D29-7_84,0
D29-7_85,0
D29-7_90,0
D29-7_92,0
D29-8_2,0
D29-8_7,0
D29-8_14,0
D29-8_15,7
D29-8_18,0
D29-8_20,0
D29-8_24,0
D29-8_25,3
D29-8_27,0
D29-8_29,0
D29-8_30,0
D29-8_32,0
D29-8_33,0
D29-8_39,0
D29-8_45,0
D29-8_51,0
D29-8_55,0
D29-8_56,0
D29-8_59,0
D29-8_60,0
D29-8_64,0
D29-8_65,0
D29-8_66,0
D29-8_76,0
D29-8_77,0
D29-8_82,0
D29-8_84,0
D29-8_86,0
D30-1_4,2
D30-1_7,0
D30-1_9,0
D30-1_10,0
D30-1_15,0
D30-1_16,0
D30-1_17,0
D30-1_21,0
D30-1_23,6
D30-1_24,0
D30-1_27,0
D30-1_28,0
D30-1_35,0
D30-1_37,0
D30-1_38,0
D30-1_40,0
D30-1_47,0
D30-1_49,0
D30-1_52,2
D30-1_54,0
D30-1_56,0
D30-1_58,0
D30-1_59,0
D30-1_60,0
D30-1_71,0
D30-1_73,0
D30-1_75,10
D30-1_81,0
D30-1_82,0
D30-1_84,0
D30-1_86,0
D30-1_87,0
D30-1_90,0
D30-2_2,0
D30-2_5,0
D30-2_10,0
D30-2_12,0
D30-2_13,0
D30-2_14,0
D30-2_15,0
D30-2_16,0
D30-2_18,0
D30-2_19,0
D30-2_21,0
D30-2_23,0
D30-2_24,0
D30-2_25,0
D30-2_28,0
D30-2_31,5
D30-2_34,0
D30-2_37,0
D30-2_47,0
D30-2_60,3
D30-2_62,2
D30-2_65,0
D30-2_67,0
D30-2_68,0
D30-2_70,0
D30-2_72,0
D30-2_73,0
D30-2_78,0
D30-2_80,0
D30-2_81,0
D30-2_85,0
D30-2_86,0
D30-2_88,0
D30-2_91,0
D30-2_94,0
D30-3_1,0
D30-3_4,0
D30-3_5,0
D30-3_7,8
D30-3_11,0
D30-3_16,0
D30-3_19,0
D30-3_20,0
D30-3_25,0
D30-3_26,0
D30-3_27,0
D30-3_28,0
D30-3_29,0
D30-3_30,0
D30-3_31,0
D30-3_33,0
D30-3_34,0
D30-3_35,0
D30-3_37,0
D30-3_40,0
D30-3_41,0
D30-3_42,0
D30-3_44,0
D30-3_46,0
D30-3_47,0
D30-3_48,0
D30-3_50,0
D30-3_57,2
D30-3_60,0
D30-3_64,0
D30-3_65,0
D30-3_68,0
D30-3_70,0
D30-3_73,2
D30-3_74,0
D30-3_79,0
D30-3_80,0
D30-3_86,0
D30-3_88,0
D30-3_92,0
D30-3_93,0
D30-4_3,0
D30-4_6,0
D30-4_11,0
D30-4_12,0
D30-4_19,0
D30-4_21,0
D30-4_24,0
D30-4_25,0
D30-4_29,0
D30-4_32,2
D30-4_36,0
D30-4_37,0
D30-4_39,0
D30-4_40,2
D30-4_41,0
D30-4_43,0
D30-4_47,0
D30-4_49,0
D30-4_50,0
D30-4_52,0
D30-4_54,0
D30-4_60,0
D30-4_63,2
D30-4_66,2
D30-4_68,0
D30-4_69,0
D30-4_73,0
D30-4_74,0
D30-4_75,0
D30-4_77,0
D30-4_85,0
D30-4_86,0
D30-4_87,0
D30-4_88,0
D30-4_94,0
D30-5_8,0
D30-5_10,0
D30-5_13,0
D30-5_14,0
D30-5_20,0
D30-5_23,0
D30-5_24,0
D30-5_26,0
D30-5_27,0
D30-5_28,0
D30-5_33,0
D30-5_37,0
D30-5_39,0
D30-5_43,0
D30-5_48,0
D30-5_51,0
D30-5_53,0
D30-5_54,0
D30-5_55,0
D30-5_62,10
D30-5_63,0
D30-5_65,0
D30-5_66,0
D30-5_67,0
D30-5_70,0
D30-5_71,0
D30-5_73,0
D30-5_75,0
D30-5_83,0
D30-5_84,0
D30-5_88,0
D30-5_92,0
D30-5_93,0
D30-5_94,0
D30-6_1,0
D30-6_2,0
D30-6_4,0
D30-6_7,0
D30-6_16,0
D30-6_19,0
D30-6_22,0
D30-6_24,0
D30-6_26,0
D30-6_28,8
D30-6_30,0
D30-6_31,0
D30-6_32,0
D30-6_33,0
D30-6_36,0
D30-6_39,0
D30-6_41,0
D30-6_42,0
D30-6_45,0
D30-6_46,0
D30-6_50,0
D30-6_51,0
D30-6_55,0
D30-6_62,0
D30-6_63,0
D30-6_66,0
D30-6_67,0
D30-6_70,0
D30-6_71,0
D30-6_72,0
D30-6_74,0
D30-6_75,0
D30-6_81,0
D30-6_82,0
D30-6_85,0
D30-6_87,0
D30-6_88,0
D30-6_89,0
D30-6_91,0
D30-7_2,0
D30-7_5,0
D30-7_6,0
D30-7_8,0
D30-7_9,10
D30-7_10,0
D30-7_12,0
D30-7_14,0
D30-7_16,0
D30-7_18,0
D30-7_25,0
D30-7_26,0
D30-7_36,0
D30-7_40,0
D30-7_41,0
D30-7_42,0
D30-7_43,0
D30-7_45,0
D30-7_47,0
D30-7_49,0
D30-7_52,0
D30-7_57,0
D30-7_60,0
D30-7_61,0
D30-7_64,0
D30-7_65,0
D30-7_66,0
D30-7_67,0
D30-7_68,0
D30-7_71,0
D30-7_73,0
D30-7_75,0
D30-7_77,0
D30-7_78,0
D30-7_87,0
D30-7_92,0
D30-7_93,0
D30-8_1,0
D30-8_2,0
D30-8_5,0
D30-8_7,0
D30-8_10,0
D30-8_11,0
D30-8_13,0
D30-8_19,0
D30-8_20,0
D30-8_23,0
D30-8_26,0
D30-8_28,0
D30-8_31,0
D30-8_39,0
D30-8_43,0
D30-8_44,0
D30-8_47,0
D30-8_48,0
D30-8_52,0
D30-8_53,0
D30-8_54,0
D30-8_64,0
D30-8_67,0
D30-8_70,0
D30-8_71,0
D30-8_75,0
D30-8_76,0
D30-8_77,0
D30-8_78,0
D30-8_79,0
D30-8_83,0
D30-8_89,0
D30-8_90,0
D30-8_92,0
D31-1_2,0
D31-1_4,0
D31-1_8,0
D31-1_17,0
D31-1_24,0
D31-1_32,0
D31-1_35,0
D31-1_36,8
D31-1_40,0
D31-1_42,6
D31-1_43,0
D31-1_46,0
D31-1_49,0
D31-1_52,0
D31-1_59,0
D31-1_60,0
D31-1_61,0
D31-1_64,0
D31-1_66,10
D31-1_67,0
D31-1_69,0
D31-1_75,0
D31-1_78,0
D31-1_85,0
D31-1_87,0
D31-1_89,0
D31-1_91,0
D31-1_92,0
D31-2_2,0
D31-2_7,0
D31-2_9,0
D31-2_11,0
D31-2_13,0
D31-2_14,0
D31-2_22,0
D31-2_31,0
D31-2_32,0
D31-2_33,0
D31-2_39,0
D31-2_44,0
D31-2_45,0
D31-2_50,0
D31-2_56,0
D31-2_57,0
D31-2_63,0
D31-2_64,0
D31-2_67,0
D31-2_74,0
D31-2_81,0
D31-2_82,0
D31-2_89,0
D31-2_93,0
D31-3_2,0
D31-3_3,0
D31-3_5,0
D31-3_13,0
D31-3_18,0
D31-3_19,0
D31-3_24,0
D31-3_27,0
D31-3_28,0
D31-3_29,0
D31-3_32,0
D31-3_35,0
D31-3_38,0
D31-3_39,0
D31-3_45,0
D31-3_46,0
D31-3_52,0
D31-3_55,0
D31-3_57,0
D31-3_70,0
D31-3_76,0
D31-3_79,0
D31-3_84,0
D31-3_85,0
D31-3_90,0
D31-3_91,0
D31-3_94,0
D31-4_1,0
D31-4_5,0
D31-4_6,0
D31-4_7,0
D31-4_11,0
D31-4_18,0
D31-4_20,0
D31-4_22,0
D31-4_23,0
D31-4_24,0
D31-4_27,0
D31-4_29,0
D31-4_30,0
D31-4_31,0
D31-4_32,0
D31-4_42,0
D31-4_47,0
D31-4_50,0
D31-4_52,0
D31-4_53,0
D31-4_54,0
D31-4_59,0
D31-4_61,0
D31-4_80,0
D31-4_81,0
D31-4_84,0
D31-4_87,0
D31-4_89,0
D31-5_2,0
D31-5_8,0
D31-5_10,0
D31-5_11,0
D31-5_12,0
D31-5_17,0
D31-5_20,0
D31-5_21,6
D31-5_24,0
D31-5_25,0
D31-5_33,0
D31-5_35,0
D31-5_36,0
D31-5_44,0
D31-5_49,0
D31-5_50,0
D31-5_53,0
D31-5_54,0
D31-5_56,0
D31-5_58,0
D31-5_59,0
D31-5_62,0
D31-5_63,0
D31-5_66,0
D31-5_67,0
D31-5_68,0
D31-5_76,0
D31-5_86,0
D31-5_87,0
D31-5_88,0
D31-5_90,0
D31-5_93,0
D31-6_2,0
D31-6_10,0
D31-6_18,0
D31-6_30,0
D31-6_35,0
D31-6_36,0
D31-6_45,0
D31-6_48,0
D31-6_54,0
D31-6_55,0
D31-6_56,0
D31-6_59,0
D31-6_63,0
D31-6_64,0
D31-6_74,0
D31-6_77,0
D31-6_83,0
D31-6_88,0
D31-6_89,0
D31-6_90,6
D31-6_91,0
D31-6_94,0
D31-7_2,0
D31-7_6,0
D31-7_8,0
D31-7_12,0
D31-7_14,0
D31-7_17,0
D31-7_19,0
D31-7_25,0
D31-7_28,0
D31-7_30,0
D31-7_33,0
D31-7_35,0
D31-7_36,0
D31-7_37,0
D31-7_41,0
D31-7_44,0
D31-7_49,0
D31-7_50,0
D31-7_51,0
D31-7_54,0
D31-7_61,0
D31-7_62,0
D31-7_64,0
D31-7_65,0
D31-7_71,0
D31-7_75,0
D31-7_80,0
D31-7_90,0
D31-7_93,0
D31-8_2,0
D31-8_5,0
D31-8_6,0
D31-8_9,0
D31-8_12,0
D31-8_14,0
D31-8_24,0
D31-8_33,0
D31-8_38,0
D31-8_44,0
D31-8_46,0
D31-8_52,0
D31-8_57,0
D31-8_61,0
D31-8_62,0
D31-8_65,0
D31-8_82,0
D31-8_86,0
D31-8_93,0
10th_C16_S105,6
10th_C28_S91,6
10th_C30_S107,6
10th_C31_S48,6
10th_C34_S92,6
10th_C41_S101,6
10th_C43_S50,0
10th_C45_S66,6
10th_C50_S73,6
10th_C52_S110,6
10th_C53_S118,6
10th_C57_S81,6
10th_C5_S95,6
10th_C74_S76,6
10th_C90_S116,6
10th_C95_S123,6
10th_C96_S117,0
11th-C12_S47,6
11th-C36_S67,6
11th-C37_S6,6
11th-C57_S40,6
11th-C5_S54,6
11th-C61_S25,6
11th-C62_S33,6
11th-C67_S26,6
11th-C93_S30,6
12th-C11_S147,6
12th-C1_S195,6
12th-C20_S191,6
12th-C23_S149,6
12th-C28_S142,6
12th-C29_S150,6
12th-C37_S187,6
12th-C39_S201,6
12th-C50_S210,6
12th-C57_S218,6
12th-C58_S162,6
12th-C63_S219,6
12th-C71_S171,6
12th-C75_S206,6
12th-C80_S215,6
12th-C81_S207,6
12th-C95_S174,6
13th_C13_S149,6
13th_C18_S179,6
13th_C1_S147,6
13th_C20_S142,6
13th_C29_S188,6
13th_C31_S137,6
13th_C3_S132,6
13th_C4_S191,6
13th_C53_S205,6
13th_C54_S212,6
13th_C55_S156,6
13th_C60_S213,6
13th_C6_S177,6
13th_C76_S216,6
13th_C77_S209,6
13th_C79_S174,6
13th_C86_S168,6
13th_C88_S218,6
13th_C92_S169,6
13th_C93_S162,6
1st-C15_S3,6
1st-C18_S51,6
1st-C19_S20,6
1st-C20_S12,6
1st-C21_S4,6
1st-C50_S33,6
1st-C51_S41,6
1st-C53_S74,6
1st-C56_S34,6
1st-C57_S42,6
1st-C59_S77,6
1st-C62_S35,6
1st-C68_S36,6
1st-C71_S83,6
1st-C73_S45,6
1st-C74_S37,6
1st-C75_S29,6
1st-C78_S85,6
1st-C80_S38,6
1st-C8_S10,6
2nd-C11_S20,6
2nd-C16_S33,6
2nd-C1_S3,6
2nd-C26_S50,6
2nd-C28_S55,6
2nd-C29_S56,6
2nd-C31_S61,6
2nd-C36_S69,6
2nd-C39_S75,6
2nd-C3_S1,6
2nd-C47_S92,6
2nd-C4_S9,6
2nd-C57_S18,6
2nd-C58_S22,6
2nd-C67_S40,6
2nd-C69_S42,6
2nd-C6_S7,6
2nd-C74_S53,6
2nd-C75_S52,6
2nd-C77_S59,6
2nd-C80_S65,6
2nd-C83_S71,6
2nd-C8_S14,6
2nd-C94_S96,6
3rd-C12_S68,6
3rd-C18_S80,6
3rd-C21_S11,6
3rd-C23_S94,6
3rd-C26_S28,6
3rd-C27_S49,6
3rd-C32_S31,6
3rd-C3_S2,6
3rd-C46_S93,6
3rd-C49_S60,6
3rd-C52_S86,6
3rd-C57_S5,6
3rd-C61_S64,6
3rd-C63_S54,6
3rd-C67_S69,6
3rd-C69_S78,6
3rd-C76_S22,6
3rd-C79_S67,6
3rd-C7_S40,6
3rd-C85_S79,6
3rd-C85_S83,6
3rd-C91_S91,6
3rd-C95_S81,6
3rd-C9_S5,6
4th-C12_S19,6
4th-C18_S31,6
4th-C22_S45,6
4th-C23_S44,6
4th-C29_S56,6
4th-C33_S63,6
4th-C35_S68,0
4th-C36_S69,6
4th-C37_S73,6
4th-C40_S79,6
4th-C43_S85,6
4th-C4_S9,6
4th-C50_S5,6
4th-C51_S6,0
4th-C56_S17,6
4th-C57_S18,6
4th-C59_S23,6
4th-C62_S29,6
4th-C63_S30,6
4th-C64_S34,6
4th-C66_S36,6
4th-C68_S41,6
4th-C69_S42,6
4th-C73_S54,0
4th-C75_S52,6
4th-C79_S66,6
4th-C80_S65,6
4th-C82_S72,6
4th-C83_S71,6
4th-C86_S77,6
4th-C88_S84,6
4th-C92_S89,6
4th-C94_S96,10
4th-C96_S94,6
4th-C9_S13,6
5th-C21_S102,6
5th-C34_S108,6
5th-C59_S94,6
5th-C66_S101,6
5th-C68_S106,6
5th-C69_S107,6
5th-C6_S84,6
5th-C70_S103,6
5th-C74_S110,6
5th-C77_S107,6
5th-C7_S93,6
5th-C87_S119,6
5th-C92_S124,6
6th-C21_S33,6
6th-C34_S61,6
6th-C45_S81,6
6th-C53_S10,6
6th-C5_S8,6
6th-C65_S31,6
6th-C83_S65,6
6th-C87_S70,6
6th-C9_S12,6
7th-C11_S18,6
7th-C14_S24,6
7th-C32_S54,0
7th-C34_S59,6
7th-C36_S61,6
7th-C49_S4,6
7th-C58_S20,6
7th-C69_S39,6
7th-C79_S58,6
7th-C85_S69,6
8th-C11_S99,6
8th-C20_S116,6
8th-C21_S115,6
8th-C23_S121,6
8th-C26_S126,6
8th-C28_S131,6
8th-C34_S141,6
8th-C37_S146,6
8th-C55_S96,6
8th-C57_S98,6
8th-C58_S101,6
8th-C59_S102,6
8th-C64_S112,6
8th-C74_S129,6
8th-C79_S140,6
8th-C7_S95,6
8th-C85_S150,6
8th-C90_S152,6
8th-C94_S162,6
8th-C95_S161,6
9th-C15_S22,6
9th-C17_S29,6
9th-C19_S36,6
9th-C20_S35,6
9th-C29_S51,6
9th-C30_S52,6
9th-C40_S69,6
9th-C49_S4,6
9th-C52_S10,6
9th-C62_S26,6
9th-C64_S31,6
9th-C67_S37,6
9th-C74_S48,6
9th-C75_S47,6
9th-C77_S53,6
9th-C80_S56,6
9th-C83_S61,6
9th-C85_S68,6
9th-C87_S66,6
9th-C92_S77,6
9th-C9_S13,6
AZ_B9,0
AZ_A6,0
AZ_C1,0
AZ_A11,0
AZ_C2,0
AZ_B11,0
AZ_B12,0
AZ_B2,0
AZ_B3,0
AZ_B5,0
AZ_E12,0
AZ_D3,0
AZ_E4,0
AZ_G4,0
AZ_G3,0
AZ_D9,0
AZ_E2,0
AZ_C8,0
AZ_E5,0
AZ_F4,0
AZ_C5,0
AZ_D7,0
AZ_D4,0
AZ_E8,0
AZ_F8,0
AZ_G1,0
AZ_E9,0
AZ_H9,0
HP1502401_J14,0
HP1502401_C14,0
HP1502401_M14,0
HP1502401_L13,0
HP1502401_H14,0
HP1502401_L21,0
HP1502401_K22,0
HP1502401_I22,0
HP1502401_F4,0
HP1502401_M15,0
HP1502401_A12,0
HP1502401_D5,0
HP1502401_M5,0
HP1502401_K17,0
HP1502401_H15,0
HP1502401_H8,0
HP1502401_N17,0
HP1502401_O2,0
HP1502401_J21,0
HP1502401_J8,0
HP1502401_N15,0
HP1502401_H7,0
HP1502401_O1,0
HP1502401_L3,0
HP1502401_J1,0
HP1502401_H3,0
HP1502401_I15,0
HP1502401_I4,6
HP1502401_J23,0
HP1502401_M18,0
HP1502401_K15,0
HP1502401_G10,10
HP1502401_L2,0
HP1502401_L23,0
HP1502401_F19,0
HP1502401_L17,0
HP1502401_O22,0
HP1502401_L16,0
HP1502401_L12,0
HP1502401_H2,0
HP1502401_K9,0
HP1502401_E16,0
HP1502401_M4,0
HP1502401_O21,0
HP1502401_M10,0
HP1502401_J11,0
HP1502401_H4,0
HP1502401_L11,0
HP1502401_K3,0
HP1502401_I16,0
HP1502401_N12,0
HP1502401_M24,0
HP1502401_N4,0
HP1502401_E21,0
HP1502401_H10,0
HP1502401_J6,0
HP1502401_M7,10
HP1502401_O24,10
HP1502401_C16,0
HP1502401_B20,0
HP1502401_D8,0
HP1502401_F12,0
HP1502401_L7,0
HP1502401_A4,0
HP1502401_K5,0
HP1502401_C4,0
HP1502401_K1,0
HP1502401_J20,0
HP1502401_O23,0
HP1502401_B5,0
HP1502401_E6,0
HP1502401_J18,0
HP1502401_M1,0
HP1502401_J4,0
HP1502401_A15,0
HP1502401_D20,0
HP1502401_G7,0
HP1502401_H5,0
HP1502401_D16,0
HP1502401_M19,0
HP1502401_K6,0
HP1502401_K2,0
HP1502401_O8,0
HP1502401_K16,0
HP1502401_E17,2
HP1502401_M23,0
HP1502401_I18,0
HP1502401_I1,0
HP1502401_L22,0
HP1502401_G8,0
HP1502401_M9,0
HP1502401_D24,0
HP1502401_O4,0
HP1502401_L15,0
HP1502401_L9,0
HP1502401_M3,0
HP1502401_H20,0
HP1502401_O20,0
HP1502401_H24,0
HP1502401_L4,0
HP1502401_O17,0
HP1502401_M11,0
HP1502401_F23,0
HP1502401_M21,0
HP1502401_K21,0
HP1502401_H16,0
HP1502401_L20,0
HP1502401_N20,10
HP1502401_E11,0
HP1502401_K11,0
HP1502401_B10,10
HP1502401_F20,0
HP1502401_B16,0
HP1502401_L1,0
HP1502401_A17,0
HP1502401_H1,0
HP1502401_I23,6
HP1502401_O3,0
HP1502401_F10,0
HP1502401_N3,0
HP1502401_N19,0
HP1502401_K20,0
HP1504101T2D_M6,0
HP1504101T2D_F15,0
HP1504101T2D_F10,0
HP1504101T2D_M18,0
HP1504101T2D_L23,0
HP1504101T2D_N17,0
HP1504101T2D_G1,0
HP1504101T2D_M19,0
HP1504101T2D_J15,0
HP1504101T2D_N7,0
HP1504101T2D_O16,0
HP1504101T2D_M4,0
HP1504101T2D_I20,0
HP1504101T2D_K24,0
HP1504101T2D_I1,0
HP1504101T2D_J13,0
HP1504101T2D_D2,0
HP1504101T2D_O13,0
HP1504101T2D_L2,0
HP1504101T2D_I24,0
HP1504101T2D_J18,0
HP1504101T2D_M15,0
HP1504101T2D_N15,0
HP1504101T2D_F7,0
HP1504101T2D_I5,0
HP1504101T2D_C17,0
HP1504101T2D_F22,0
HP1504101T2D_J2,0
HP1504101T2D_E1,0
HP1504101T2D_A19,0
HP1504101T2D_G2,0
HP1504101T2D_J11,0
HP1504101T2D_K22,0
HP1504101T2D_G17,0
HP1504101T2D_N19,0
HP1504101T2D_I17,0
HP1504101T2D_D7,0
HP1504101T2D_L21,0
HP1504101T2D_N12,0
HP1504101T2D_B16,0
HP1504101T2D_E23,0
HP1504101T2D_H9,0
HP1504101T2D_A5,0
HP1504101T2D_K23,0
HP1504101T2D_I18,0
HP1504101T2D_P2,0
HP1504101T2D_I14,0
HP1504101T2D_E10,0
HP1504101T2D_G24,0
HP1504101T2D_F5,0
HP1504101T2D_M21,0
HP1504101T2D_D19,0
HP1504101T2D_K4,0
HP1504101T2D_N9,0
HP1504101T2D_M7,0
HP1504101T2D_O6,0
HP1504101T2D_E6,0
HP1504101T2D_B11,0
HP1504101T2D_C4,0
HP1504101T2D_C15,0
HP1504101T2D_C22,0
HP1504101T2D_D13,0
HP1504101T2D_F12,0
HP1504101T2D_C14,0
HP1504101T2D_J6,0
HP1504101T2D_H20,0
HP1504101T2D_G12,0
HP1504101T2D_N13,0
HP1504101T2D_L8,0
HP1504101T2D_L7,0
HP1504101T2D_M24,0
HP1504101T2D_G22,0
HP1504101T2D_P17,0
HP1504101T2D_G14,0
HP1504101T2D_G10,0
HP1504101T2D_K12,0
HP1504101T2D_G19,0
HP1504101T2D_M2,0
HP1504101T2D_M9,0
HP1504101T2D_O14,0
HP1504101T2D_P22,0
HP1504101T2D_M10,0
HP1504101T2D_E3,0
HP1504101T2D_O22,0
HP1504101T2D_M5,0
HP1504101T2D_B21,0
HP1504101T2D_J7,0
HP1504101T2D_A6,0
HP1504101T2D_I8,0
HP1504101T2D_P21,0
HP1504101T2D_A12,0
HP1504101T2D_O9,0
HP1504101T2D_N1,0
HP1504101T2D_I23,0
HP1504101T2D_L5,0
HP1504101T2D_O20,0
HP1504101T2D_B7,0
HP1504101T2D_N24,0
HP1504101T2D_H2,0
HP1504101T2D_N22,0
HP1504101T2D_E22,0
HP1504101T2D_C20,0
HP1504101T2D_H17,0
HP1504101T2D_L4,0
HP1504101T2D_P7,0
HP1504101T2D_O10,0
HP1504101T2D_K20,0
HP1504101T2D_I22,0
HP1504101T2D_H4,0
HP1504101T2D_K17,0
HP1504101T2D_L10,0
HP1504101T2D_H21,0
HP1504101T2D_O3,0
HP1504101T2D_N2,0
HP1504101T2D_J20,0
HP1504101T2D_L3,0
HP1504101T2D_P11,0
HP1504101T2D_F3,0
HP1504101T2D_J1,0
HP1504101T2D_N8,0
HP1504101T2D_G23,0
HP1504101T2D_N6,0
HP1504101T2D_H22,0
HP1504101T2D_B13,0
HP1504101T2D_F19,0
HP1504101T2D_F24,0
HP1504101T2D_A8,0
HP1504101T2D_H15,0
HP1504101T2D_M23,0
HP1504101T2D_J24,0
HP1504101T2D_D5,0
HP1504101T2D_L18,0
HP1504101T2D_K18,0
HP1504101T2D_P18,0
HP1504101T2D_L19,0
HP1504101T2D_N5,0
HP1504101T2D_A23,0
HP1504101T2D_D6,0
HP1504901_D15,0
HP1504901_B15,0
HP1504901_B3,0
HP1504901_N2,0
HP1504901_H12,0
HP1504901_D12,0
HP1504901_F12,0
HP1504901_H10,0
HP1504901_O7,0
HP1504901_K12,0
HP1504901_J8,0
HP1504901_C11,0
HP1504901_B16,0
HP1504901_F6,0
HP1504901_P10,0
HP1504901_D16,0
HP1504901_M3,0
HP1504901_D23,0
HP1504901_B13,2
HP1504901_H4,0
HP1504901_B1,0
HP1504901_G9,0
HP1504901_E24,0
HP1504901_A14,0
HP1504901_O9,0
HP1504901_G3,0
HP1504901_F5,0
HP1504901_K1,0
HP1504901_C16,0
HP1504901_H11,0
HP1504901_I24,0
HP1504901_E18,0
HP1504901_H6,0
HP1504901_J17,0
HP1504901_N1,0
HP1504901_D22,0
HP1504901_N22,0
HP1504901_J20,0
HP1504901_J23,0
HP1504901_F19,0
HP1504901_G2,0
HP1504901_N16,0
HP1504901_F24,0
HP1504901_O17,0
HP1504901_A19,0
HP1504901_D5,0
HP1504901_D1,0
HP1504901_N12,0
HP1504901_H8,0
HP1504901_M24,0
HP1504901_O10,0
HP1504901_B18,0
HP1504901_F9,0
HP1504901_F20,0
HP1504901_O6,0
HP1504901_J19,0
HP1504901_L13,0
HP1504901_G13,0
HP1504901_J22,0
HP1504901_L14,0
HP1504901_A2,0
HP1504901_N17,0
HP1504901_I3,0
HP1504901_A9,0
HP1504901_I21,0
HP1504901_G6,0
HP1504901_O16,0
HP1504901_E14,0
HP1504901_D17,0
HP1504901_K6,0
HP1504901_D2,0
HP1504901_J6,0
HP1504901_I2,0
HP1504901_D14,0
HP1504901_M18,0
HP1504901_F4,0
HP1504901_H1,0
HP1504901_K5,0
HP1504901_F10,0
HP1504901_G15,0
HP1504901_N19,0
HP1504901_I8,0
HP1504901_B21,0
HP1504901_N7,0
HP1504901_D21,0
HP1504901_G19,0
HP1504901_B2,0
HP1504901_F3,0
HP1506401_G3,0
HP1506401_G1,0
HP1506401_K12,0
HP1506401_F13,0
HP1506401_L7,3
HP1506401_J18,0
HP1506401_O24,3
HP1506401_A5,0
HP1506401_E15,0
HP1506401_N4,0
HP1506401_H14,0
HP1506401_O23,0
HP1506401_J4,0
HP1506401_P19,0
HP1506401_N19,1
HP1506401_A21,0
HP1506401_O3,0
HP1506401_H13,0
HP1506401_C5,0
HP1506401_P15,10
HP1506401_P3,0
HP1506401_I8,0
HP1506401_G5,0
HP1506401_I18,3
HP1506401_E8,3
HP1506401_L23,0
HP1506401_E9,0
HP1506401_F17,0
HP1506401_M12,0
HP1506401_E11,0
HP1506401_E21,0
HP1506401_G13,0
HP1506401_G24,0
HP1506401_H22,0
HP1506401_F20,0
HP1507101_K2,0
HP1507101_O2,0
HP1507101_E2,0
HP1507101_E3,0
HP1507101_G3,0
HP1507101_C2,0
HP1507101_O1,0
HP1507101_I2,0
HP1507101_M2,0
HP1507101_G16,0
HP1507101_N9,0
HP1507101_F7,0
HP1507101_B3,0
HP1507101_M12,0
HP1507101_D14,0
HP1507101_D20,0
HP1507101_O22,0
HP1507101_L15,0
HP1507101_O16,0
HP1507101_N3,0
HP1507101_L11,0
HP1507101_N12,0
HP1507101_O17,0
HP1507101_A16,0
HP1507101_L13,0
HP1507101_O20,0
HP1507101_N21,2
HP1507101_I10,0
HP1507101_H20,0
HP1507101_A14,0
HP1507101_I17,0
HP1507101_K6,0
HP1507101_F19,0
HP1507101_G6,0
HP1507101_L7,0
HP1507101_H7,0
HP1507101_O4,0
HP1507101_H1,0
HP1507101_I15,0
HP1507101_O5,0
HP1507101_F22,0
HP1507101_A22,10
HP1507101_L5,0
HP1507101_A20,0
HP1507101_F16,0
HP1507101_P10,0
HP1507101_O6,0
HP1507101_G4,0
HP1507101_B23,10
HP1507101_H11,0
HP1507101_G12,0
HP1507101_F17,0
HP1507101_G14,0
HP1507101_N22,0
HP1507101_I8,0
HP1507101_L2,0
HP1507101_H15,0
HP1507101_D2,0
HP1507101_P12,0
HP1507101_F20,0
HP1507101_N24,0
HP1507101_E24,0
HP1507101_I16,0
HP1507101_C24,0
HP1507101_B18,0
HP1507101_H14,0
HP1507101_H9,0
HP1507101_O10,0
HP1507101_J24,0
HP1507101_G18,0
HP1507101_J14,0
HP1507101_E20,0
HP1507101_I13,0
HP1507101_J11,0
HP1507101_P11,2
HP1507101_P4,0
HP1507101_E6,0
HP1507101_G22,0
HP1507101_C4,0
HP1507101_J18,0
HP1507101_I23,0
HP1507101_C18,0
HP1507101_K8,0
HP1507101_N19,0
HP1507101_G19,0
HP1507101_I11,0
HP1507101_L18,0
HP1507101_B15,0
HP1507101_K5,0
HP1507101_L3,0
HP1507101_E8,0
HP1507101_J13,0
HP1507101_A4,0
HP1507101_J23,0
HP1507101_O18,0
HP1507101_K4,0
HP1507101_F3,0
HP1507101_N18,0
HP1507101_D7,0
HP1507101_P18,0
HP1507101_P17,0
HP1507101_P5,0
HP1507101_M4,0
HP1507101_B7,0
HP1507101_E10,0
HP1507101_H23,0
HP1507101_K3,0
HP1507101_C20,0
HP1507101_L10,0
HP1507101_M14,0
HP1507101_I4,0
HP1507101_G24,0
HP1507101_G23,0
HP1507101_D1,0
HP1507101_J1,0
HP1507101_O24,0
HP1507101_D8,0
HP1507101_I22,0
HP1507101_B1,0
HP1507101_N16,0
HP1507101_F2,0
HP1507101_F8,0
HP1507101_B14,0
HP1507101_N4,10
HP1507101_M6,0
HP1507101_L19,0
HP1507101_F18,0
HP1507101_K22,0
HP1507101_K17,0
HP1507101_D21,0
HP1507101_D16,0
HP1507101_M18,0
HP1507101_H6,0
HP1507101_G20,0
HP1507101_G13,0
HP1507101_N20,0
HP1507101_G8,0
HP1507101_P6,0
HP1507101_D18,0
HP1507101_P23,0
HP1507101_H21,0
HP1507101_E21,0
HP1507101_D24,0
HP1507101_C5,0
HP1507101_J2,0
HP1507101_B13,0
HP1507101_H12,0
HP1507101_I19,0
HP1507101_H22,0
HP1507101_B4,0
HP1507101_F13,0
HP1507101_B19,0
HP1507101_D12,0
HP1507101_D5,0
HP1507101_A18,0
HP1507101_B24,0
HP1507101_J21,0
HP1507101_G11,0
HP1507101_B6,0
HP1507101_D15,0
HP1507101_B12,0
HP1507101_B10,0
HP1507101_N2,0
HP1507101_F5,0
HP1507101_E12,0
HP1507101_H3,0
HP1507101_O7,0
HP1507101_L14,0
HP1507101_L6,0
HP1507101_C6,0
HP1507101_I6,0
HP1507101_N23,0
HP1507101_J17,0
HP1507101_F1,0
HP1507101_E9,0
HP1507101_C14,0
HP1507101_D11,0
HP1507101_J3,0
HP1507101_M20,0
HP1507101_D17,0
HP1507101_B16,0
HP1507101_J5,0
HP1507101_I24,0
HP1507101_O13,0
HP1507101_E7,0
HP1507101_I20,0
HP1507101_I5,0
HP1507101_B11,0
HP1507101_H5,0
HP1507101_G9,0
HP1507101_J4,0
HP1507101_K24,0
HP1507101_P3,0
HP1507101_F21,0
HP1507101_G15,0
HP1507101_O11,0
HP1507101_C8,0
HP1507101_L21,0
HP1507101_J22,0
HP1507101_P8,0
HP1508501T2D_E2,0
HP1508501T2D_E1,8
HP1508501T2D_A3,0
HP1508501T2D_I2,0
HP1508501T2D_O1,0
HP1508501T2D_K1,0
HP1508501T2D_C20,0
HP1508501T2D_M9,0
HP1508501T2D_L13,0
HP1508501T2D_P7,0
HP1508501T2D_B15,0
HP1508501T2D_D2,6
HP1508501T2D_D20,0
HP1508501T2D_E24,0
HP1508501T2D_G15,0
HP1508501T2D_M20,0
HP1508501T2D_B23,0
HP1508501T2D_J21,0
HP1508501T2D_A13,0
HP1508501T2D_I15,0
HP1508501T2D_E6,0
HP1508501T2D_E14,0
HP1508501T2D_M19,0
HP1508501T2D_D17,0
HP1508501T2D_L18,0
HP1508501T2D_F17,0
HP1508501T2D_H24,0
HP1508501T2D_H22,0
HP1508501T2D_I20,0
HP1508501T2D_B9,0
HP1508501T2D_A6,0
HP1508501T2D_D5,0
HP1508501T2D_L6,0
HP1508501T2D_B5,0
HP1508501T2D_F16,0
HP1508501T2D_L7,0
HP1508501T2D_L14,0
HP1508501T2D_G10,0
HP1508501T2D_D6,0
HP1508501T2D_E12,0
HP1508501T2D_C7,0
HP1508501T2D_P3,0
HP1508501T2D_H4,0
HP1508501T2D_E18,0
HP1508501T2D_G11,0
HP1508501T2D_P11,0
HP1508501T2D_L16,0
HP1508501T2D_P9,0
HP1508501T2D_O14,0
HP1508501T2D_D1,0
HP1508501T2D_K21,0
HP1508501T2D_H6,0
HP1508501T2D_J9,0
HP1508501T2D_B11,0
HP1508501T2D_E10,0
HP1508501T2D_C13,0
HP1508501T2D_E22,0
HP1508501T2D_A24,0
HP1508501T2D_P5,0
HP1508501T2D_N20,0
HP1508501T2D_M4,0
HP1508501T2D_B8,0
HP1508501T2D_I16,0
HP1508501T2D_A16,0
HP1508501T2D_K4,0
HP1508501T2D_H3,0
HP1508501T2D_C10,0
HP1508501T2D_B4,0
HP1508501T2D_C23,0
HP1508501T2D_K17,0
HP1508501T2D_D3,0
HP1508501T2D_D16,0
HP1508501T2D_G24,0
HP1508501T2D_P8,0
HP1508501T2D_I22,0
HP1508501T2D_O10,0
HP1508501T2D_G20,0
HP1508501T2D_K12,0
HP1508501T2D_J20,0
HP1508501T2D_J4,0
HP1508501T2D_E8,0
HP1508501T2D_M8,0
HP1508501T2D_B22,0
HP1508501T2D_E19,0
HP1508501T2D_J12,0
HP1508501T2D_F9,0
HP1508501T2D_N4,0
HP1508501T2D_I14,0
HP1508501T2D_J3,0
HP1508501T2D_G21,0
HP1508501T2D_H23,0
HP1508501T2D_D21,0
HP1508501T2D_E23,0
HP1508501T2D_D14,0
HP1508501T2D_F18,0
HP1508501T2D_D13,0
HP1508501T2D_A4,6
HP1508501T2D_L17,0
HP1508501T2D_G6,0
HP1508501T2D_J5,0
HP1508501T2D_N11,0
HP1508501T2D_F23,0
HP1508501T2D_K24,0
HP1508501T2D_D11,0
HP1508501T2D_M12,0
HP1508501T2D_K19,0
HP1508501T2D_B12,0
HP1508501T2D_B13,6
HP1508501T2D_K14,0
HP1508501T2D_H10,0
HP1508501T2D_M5,0
HP1508501T2D_H21,0
HP1508501T2D_F2,0
HP1508501T2D_J8,0
HP1508501T2D_P6,0
HP1508501T2D_O6,0
HP1508501T2D_H15,0
HP1508501T2D_A14,0
HP1508501T2D_A12,0
HP1508501T2D_B3,0
HP1508501T2D_A15,0
HP1508501T2D_J1,0
HP1508501T2D_K9,0
HP1508501T2D_E21,0
HP1508501T2D_F20,0
HP1508501T2D_G4,0
HP1508501T2D_D8,0
HP1508501T2D_D10,0
HP1508501T2D_E13,0
HP1509101_A3,0
HP1509101_D5,0
HP1509101_G19,0
HP1509101_P4,0
HP1509101_B8,0
HP1509101_J12,0
HP1509101_A7,0
HP1509101_H1,10
HP1509101_L17,5
HP1509101_L6,0
HP1509101_G23,0
HP1509101_I14,0
HP1509101_H21,0
HP1509101_L8,0
HP1509101_G14,0
HP1509101_I5,0
HP1509101_K22,0
HP1509101_F13,0
HP1509101_G24,0
HP1509101_D15,0
HP1509101_O9,0
HP1509101_N12,0
HP1509101_O7,0
HP1509101_D8,0
HP1509101_H22,0
HP1509101_F1,0
HP1509101_L11,0
HP1509101_N15,0
HP1509101_G22,0
HP1509101_H24,0
HP1509101_H23,0
HP1509101_I10,0
HP1509101_C12,0
HP1509101_G18,0
HP1509101_M12,0
HP1509101_I22,0
HP1509101_N16,0
HP1509101_P20,0
HP1509101_P18,0
HP1509101_G15,0
HP1509101_N9,0
HP1509101_B20,0
HP1509101_N18,0
HP1509101_N17,0
HP1509101_C22,0
HP1509101_E19,0
HP1509101_O23,0
HP1509101_J8,0
HP1509101_B11,0
HP1509101_D19,0
HP1509101_K21,0
HP1509101_G20,0
HP1509101_J4,0
HP1509101_H11,0
HP1509101_I21,0
HP1509101_H14,0
HP1509101_O13,0
HP1509101_J15,0
HP1509101_H9,0
HP1509101_O20,0
HP1509101_I8,0
HP1509101_F4,0
HP1509101_K7,0
HP1509101_N5,0
HP1509101_J20,0
HP1509101_F19,0
HP1509101_I23,0
HP1509101_O19,2
HP1509101_L24,0
HP1509101_O16,0
HP1509101_I18,0
HP1509101_N20,0
HP1509101_A20,0
HP1509101_I24,0
HP1509101_G16,0
HP1509101_M8,0
HP1509101_J6,0
HP1509101_M10,0
HP1509101_B10,0
HP1509101_G17,0
HP1509101_J24,0
HP1509101_O12,0
HP1525301T2D_K15,0
HP1525301T2D_G11,0
HP1525301T2D_A6,0
HP1525301T2D_K23,0
HP1525301T2D_I21,0
HP1525301T2D_I12,0
HP1525301T2D_P22,0
HP1525301T2D_J14,0
HP1525301T2D_P6,0
HP1525301T2D_C16,0
HP1525301T2D_B1,0
HP1525301T2D_B4,0
HP1525301T2D_F19,0
HP1525301T2D_N23,0
HP1525301T2D_G22,0
HP1525301T2D_D11,0
HP1525301T2D_E1,0
HP1525301T2D_C2,0
HP1525301T2D_B11,0
HP1525301T2D_M16,0
HP1525301T2D_O1,10
HP1525301T2D_H23,0
HP1525301T2D_B23,0
HP1525301T2D_I4,0
HP1525301T2D_P8,0
HP1525301T2D_C1,0
HP1525301T2D_J2,0
HP1525301T2D_N7,10
HP1525301T2D_H6,0
HP1525301T2D_C10,0
HP1525301T2D_H7,0
HP1525301T2D_G15,0
HP1525301T2D_E23,0
HP1525301T2D_I7,0
HP1525301T2D_E7,0
HP1525301T2D_O18,0
HP1525301T2D_F2,0
HP1525301T2D_H19,0
HP1525301T2D_M13,0
HP1525301T2D_P24,0
HP1525301T2D_I5,0
HP1525301T2D_L15,0
HP1525301T2D_A9,0
HP1525301T2D_P17,0
HP1525301T2D_B15,10
HP1525301T2D_L22,0
HP1525301T2D_I2,0
HP1525301T2D_H12,0
HP1525301T2D_L24,0
HP1525301T2D_N8,0
HP1525301T2D_M8,0
HP1525301T2D_F4,0
HP1525301T2D_J4,0
HP1525301T2D_G4,0
HP1525301T2D_J13,0
HP1525301T2D_G19,0
HP1525301T2D_N13,0
HP1525301T2D_J8,0
HP1525301T2D_C5,0
HP1525301T2D_E13,0
HP1525301T2D_L9,0
HP1525301T2D_A11,0
HP1525301T2D_P11,0
HP1525301T2D_P18,0
HP1525301T2D_O6,10
HP1525301T2D_C8,0
HP1525301T2D_B13,0
HP1525301T2D_P9,0
HP1525301T2D_A5,0
HP1525301T2D_M10,0
HP1525301T2D_H8,10
HP1525301T2D_B7,0
HP1525301T2D_B18,0
HP1525301T2D_K19,0
HP1525301T2D_G1,0
HP1525301T2D_J19,0
HP1525301T2D_G18,0
HP1525301T2D_E16,0
HP1525301T2D_A3,0
HP1525301T2D_N19,0
HP1525301T2D_O5,0
HP1525301T2D_D9,0
HP1525301T2D_E22,0
HP1525301T2D_K22,0
HP1525301T2D_H20,0
HP1525301T2D_N9,0
HP1525301T2D_O13,0
HP1525301T2D_J1,0
HP1525301T2D_E8,0
HP1525301T2D_N24,0
HP1525301T2D_K3,0
HP1526901T2D_A3,0
HP1526901T2D_P20,0
HP1526901T2D_M21,0
HP1526901T2D_D5,0
HP1526901T2D_K6,0
HP1526901T2D_L16,0
HP1526901T2D_F2,0
HP1526901T2D_E18,0
HP1526901T2D_O22,0
HP1526901T2D_I6,0
HP1526901T2D_N15,0
HP1526901T2D_F3,0
HP1526901T2D_P21,0
HP1526901T2D_J24,0
HP1526901T2D_L2,0
HP1526901T2D_F21,0
HP1526901T2D_G7,0
HP1526901T2D_F10,0
HP1526901T2D_J8,0
HP1526901T2D_E8,0
HP1526901T2D_P14,0
HP1526901T2D_L19,0
HP1526901T2D_N9,0
HP1526901T2D_O21,0
HP1526901T2D_G14,0
HP1526901T2D_M4,0
HP1526901T2D_A9,0
HP1526901T2D_P2,0
HP1526901T2D_A12,10
HP1526901T2D_L11,0
HP1526901T2D_B12,0
HP1526901T2D_A17,0
HP1526901T2D_P12,0
HP1526901T2D_J2,10
HP1526901T2D_D18,0
HP1526901T2D_B17,0
HP1526901T2D_F1,0
HP1526901T2D_B20,0
HP1526901T2D_H12,0
HP1526901T2D_G13,0
HP1526901T2D_N6,0
HP1526901T2D_I21,0
HP1526901T2D_F9,0
HP1526901T2D_H17,0
HP1526901T2D_O23,0
HP1526901T2D_L17,0
HP1526901T2D_A7,0
HP1526901T2D_K18,0
HP1526901T2D_K10,0
HP1526901T2D_I7,0
HP1526901T2D_J19,0
HP1526901T2D_G16,0
HP1526901T2D_D8,0
HP1526901T2D_I14,0
HP1526901T2D_M1,0
HP1526901T2D_J4,0
HP1526901T2D_G10,0
HP1526901T2D_K2,0
HP1526901T2D_N10,0
HP1526901T2D_I8,0
HP1526901T2D_L13,0
HP1526901T2D_B11,0
HP1526901T2D_O6,0
HP1526901T2D_G18,0
HP1526901T2D_J13,0
HP1526901T2D_C16,0
HP1526901T2D_J14,0
HP1526901T2D_C4,0
HP1526901T2D_H6,0
HP1526901T2D_F19,0
HP1526901T2D_D9,0
HP1526901T2D_P19,0
HP1526901T2D_L23,0
HP1526901T2D_N2,0
HP1526901T2D_H19,0
HP1526901T2D_C6,0
HP1526901T2D_L21,0
HP1526901T2D_D1,0
HP1526901T2D_P1,0
HP1526901T2D_E6,0
HP1526901T2D_M23,0
HP1526901T2D_N14,0
HP1526901T2D_I4,0
HP1526901T2D_B14,0
HP1526901T2D_C2,0
HP1526901T2D_K14,0
HP1526901T2D_D16,0
HP1526901T2D_M16,0
HP1526901T2D_K15,0
HP1526901T2D_I15,0
HP1526901T2D_G8,0
HP1526901T2D_M7,0
HP1526901T2D_I16,0
HP1526901T2D_N8,0
HP1526901T2D_A8,0
D101_13,4
D101_22,4
D102_17,4
D102_50,4
D102_61,4
D1713_26,4
D172444_1,4
D172444_76,4
D172444_80,4
D17All1_33,4
D17All1_37,4
D17All1_39,4
D17All1_54,4
D17All1_59,4
D17All1_61,4
D17All1_77,4
D17All1_80,4
D17All2_19,4
D17All2_49,4
D17All2_61,4
D17All2_78,4
D17TGFB_16,4
D3en3_75,4
D3en4_33,4
D3ex_77,4
D71_32,4
D71_35,4
D71_48,4
D71_59,4
D71_79,4
D71_87,4
D71_91,4
D71_94,4
D72_39,4
D72_69,4
D72_71,4
D72_75,4
D72_77,4
D73_30,4
D73_38,4
D73_82,4
D73_86,4
D73_90,4
D74_9,4
D74_20,4
D74_25,4
D74_40,4
D74_59,4
D74_64,4
D74_66,4
D28-1_3,4
D28-1_61,4
D28-1_89,4
D28-3_16,4
D28-3_61,4
D28-3_78,4
D28-4_3,4
D28-5_49,4
D28-5_76,2
D28-6_26,4
D28-7_38,4
D28-7_73,4
D28-8_26,4
D28-8_61,4
D29-1_3,4
D29-1_16,4
D29-1_33,4
D29-1_42,4
D29-1_45,4
D29-1_49,4
D29-1_56,4
D29-1_57,4
D29-1_74,4
D29-1_83,4
D29-1_93,4
D29-2_4,4
D29-2_9,4
D29-2_10,4
D29-2_16,4
D29-2_34,4
D29-2_46,4
D29-2_82,4
D29-3_8,4
D29-3_9,4
D29-3_11,4
D29-3_13,4
D29-3_43,4
D29-3_45,4
D29-3_57,4
D29-3_58,4
D29-3_69,4
D29-3_82,4
D29-3_85,4
D29-4_17,4
D29-4_41,4
D29-4_43,4
D29-4_64,4
D29-4_81,4
D29-4_83,4
D29-4_90,4
D29-5_32,4
D29-5_36,4
D29-5_47,4
D29-5_66,4
D29-5_76,4
D29-5_77,4
D29-5_83,4
D29-6_10,4
D29-6_22,4
D29-6_30,4
D29-6_44,4
D29-6_46,4
D29-6_63,4
D29-6_66,4
D29-6_87,4
D29-7_4,4
D29-7_19,4
D29-7_21,4
D29-7_28,4
D29-7_54,4
D29-7_63,4
D29-7_78,4
D29-7_79,4
D29-7_81,4
D29-8_10,4
D29-8_13,4
D29-8_46,4
D29-8_54,4
D29-8_62,4
D29-8_68,4
D29-8_72,4
D29-8_73,4
D29-8_79,4
D29-8_80,4
D29-8_81,4
D29-8_83,4
D30-1_5,4
D30-1_6,4
D30-1_64,4
D30-1_66,2
D30-1_83,4
D30-2_3,4
D30-2_20,4
D30-2_22,4
D30-2_26,4
D30-2_49,4
D30-2_52,4
D30-2_54,4
D30-2_55,2
D30-2_74,4
D30-2_75,4
D30-2_82,4
D30-2_89,4
D30-2_90,2
D30-3_18,4
D30-3_22,4
D30-3_23,4
D30-3_43,4
D30-3_54,2
D30-3_62,2
D30-3_69,4
D30-3_75,4
D30-3_76,4
D30-3_82,4
D30-3_87,4
D30-4_5,4
D30-4_14,4
D30-4_17,4
D30-4_22,4
D30-4_26,4
D30-4_28,4
D30-4_59,4
D30-4_80,4
D30-5_11,4
D30-5_12,4
D30-5_17,4
D30-5_18,4
D30-5_22,4
D30-5_35,4
D30-5_76,4
D30-5_82,4
D30-5_85,4
D30-5_91,4
D30-6_6,4
D30-6_13,4
D30-6_35,4
D30-6_49,4
D30-6_53,4
D30-6_58,4
D30-6_83,2
D30-6_92,4
D30-7_7,4
D30-7_13,4
D30-7_29,4
D30-7_31,4
D30-7_32,4
D30-7_53,4
D30-7_55,4
D30-7_89,4
D30-8_3,4
D30-8_9,4
D30-8_32,4
D30-8_40,4
D30-8_55,4
D30-8_66,4
D30-8_86,4
D30-8_88,4
D31-1_6,4
D31-1_15,4
D31-1_33,4
D31-1_38,2
D31-2_5,4
D31-2_12,4
D31-2_29,4
D31-2_36,4
D31-2_70,4
D31-2_79,4
D31-3_16,4
D31-3_22,2
D31-3_41,4
D31-3_42,4
D31-3_62,4
D31-3_67,4
D31-3_88,4
D31-4_2,4
D31-4_8,4
D31-4_28,4
D31-4_46,4
D31-4_60,4
D31-4_62,4
D31-4_78,4
D31-5_18,4
D31-5_23,4
D31-5_42,4
D31-5_46,4
D31-5_55,4
D31-5_71,4
D31-5_84,4
D31-6_7,2
D31-6_12,4
D31-6_38,4
D31-6_46,4
D31-7_66,4
D31-7_74,2
D31-7_81,4
D31-8_1,4
D31-8_17,4
D31-8_28,4
D31-8_34,4
D31-8_66,4
D31-8_69,4
D31-8_71,4
D31-8_76,4
10th_C76_S128,4
11th-C33_S20,6
13th_C51_S170,4
13th_C66_S214,4
1st-C69_S44,4
2nd-C25_S49,4
3rd-C1_S39,4
3rd-C68_S13,4
3rd-C86_S85,4
4th-C26_S50,7
4th-C32_S62,4
4th-C85_S78,4
4th-C87_S76,4
4th-C89_S83,7
5th-C35_S109,4
5th-C83_S111,4
6th-C23_S38,7
6th-C24_S37,4
7th-C15_S23,4
7th-C56_S15,4
7th-C68_S38,6
7th-C72_S42,4
8th-C6_S88,4
8th-C84_S143,4
9th-C28_S50,4
AZ_C11,4
AZ_B10,4
AZ_B1,4
AZ_A12,4
AZ_A10,4
AZ_G6,4
AZ_D5,4
HP1502401_D17,4
HP1502401_A18,4
HP1502401_I7,4
HP1502401_O6,4
HP1502401_C8,4
HP1502401_H6,4
HP1502401_O18,4
HP1502401_F11,4
HP1502401_I9,4
HP1502401_D12,4
HP1502401_N7,4
HP1502401_G3,4
HP1502401_C5,4
HP1502401_A2,4
HP1502401_M6,4
HP1502401_A24,4
HP1502401_C20,4
HP1502401_E3,4
HP1502401_E9,4
HP1502401_B8,4
HP1504101T2D_A24,4
HP1504101T2D_H5,4
HP1504101T2D_F17,4
HP1504101T2D_C9,4
HP1504101T2D_L11,4
HP1504101T2D_C10,4
HP1504101T2D_N21,4
HP1504101T2D_J14,4
HP1504101T2D_E21,4
HP1504101T2D_I11,4
HP1504101T2D_P4,4
HP1504101T2D_P5,4
HP1504101T2D_K14,4
HP1504901_K20,2
HP1504901_I7,4
HP1504901_A21,4
HP1504901_F2,4
HP1504901_I23,4
HP1504901_P21,4
HP1504901_D6,4
HP1504901_B4,4
HP1504901_J4,4
HP1504901_B9,4
HP1504901_N24,4
HP1504901_M21,4
HP1504901_C10,4
HP1504901_A10,4
HP1506401_E16,4
HP1506401_G11,4
HP1506401_M14,4
HP1507101_A3,4
HP1507101_O23,4
HP1507101_P14,4
HP1507101_L23,4
HP1507101_F10,4
HP1507101_P21,4
HP1507101_A5,4
HP1507101_L4,4
HP1507101_E16,4
HP1507101_F12,2
HP1508501T2D_H11,4
HP1508501T2D_I18,4
HP1508501T2D_I23,4
HP1508501T2D_C8,4
HP1508501T2D_D15,4
HP1508501T2D_C16,4
HP1508501T2D_J18,4
HP1509101_O1,4
HP1509101_J16,4
HP1509101_E4,4
HP1509101_H7,4
HP1509101_D22,4
HP1509101_L19,4
HP1509101_J18,4
HP1509101_P12,4
HP1509101_O24,4
HP1509101_H13,4
HP1509101_O4,4
HP1509101_L23,4
HP1525301T2D_D19,4
HP1525301T2D_O2,4
HP1525301T2D_M17,4
HP1525301T2D_A7,4
HP1525301T2D_J10,4
HP1526901T2D_A10,4
HP1526901T2D_B6,4
HP1526901T2D_H18,4
HP1526901T2D_J22,4
HP1526901T2D_M19,4
HP1526901T2D_A16,4
HP1526901T2D_I10,4
HP1526901T2D_G23,4
HP1526901T2D_P22,4
HP1526901T2D_K24,4
HP1526901T2D_E20,4
HP1526901T2D_B18,4
HP1526901T2D_A4,4
HP1526901T2D_A23,2
HP1526901T2D_K22,4
HP1526901T2D_G2,4
HP1526901T2D_O9,4
HP1526901T2D_L24,4
HP1526901T2D_A22,4
HP1526901T2D_J20,4
HP1526901T2D_J1,4
HP1526901T2D_C15,4
HP1526901T2D_I19,4
HP1526901T2D_B7,4
HP1526901T2D_O7,4
HP1526901T2D_E21,4
HP1526901T2D_E3,4
HP1526901T2D_E19,4
HP1526901T2D_I11,4
HP1526901T2D_F23,4
HP1526901T2D_C24,4
HP1526901T2D_D21,4
HP1526901T2D_C1,4
HP1526901T2D_A13,2
HP1526901T2D_I18,4
HP1526901T2D_N16,4
D101_14,2
D101_31,2
D101_35,2
D101_73,7
D101_89,2
D102_7,2
D102_11,2
D102_18,2
D102_24,2
D102_25,2
D102_39,2
D102_45,2
D102_55,2
D102_58,2
D102_59,2
D102_63,2
D102_66,2
D102_96,2
D1713_11,2
D1713_18,2
D1713_19,2
D1713_95,2
D172444_11,2
D172444_21,2
D172444_47,2
D172444_48,2
D172444_50,2
D172444_51,2
D172444_55,2
D172444_65,2
D172444_67,2
D172444_69,2
D172444_74,2
D172444_86,2
D17All1_3,2
D17All1_5,2
D17All1_6,2
D17All1_7,2
D17All1_12,2
D17All1_19,2
D17All1_22,2
D17All1_23,2
D17All1_35,2
D17All1_38,2
D17All1_40,2
D17All1_51,2
D17All1_60,2
D17All1_63,2
D17All1_66,2
D17All1_70,2
D17All1_71,2
D17All1_75,2
D17All1_81,2
D17All1_82,2
D17All1_83,2
D17All1_87,2
D17All1_90,2
D17All1_91,2
D17All1_95,2
D17All2_2,2
D17All2_7,2
D17All2_10,2
D17All2_12,2
D17All2_13,2
D17All2_20,2
D17All2_21,2
D17All2_22,2
D17All2_25,0
D17All2_26,2
D17All2_30,2
D17All2_31,2
D17All2_34,2
D17All2_35,2
D17All2_36,2
D17All2_41,2
D17All2_55,2
D17All2_56,2
D17All2_57,2
D17All2_65,2
D17All2_68,2
D17All2_69,2
D17All2_87,2
D17All2_90,2
D17All2_94,2
D17All2_95,2
D17TGFB_68,5
D2ex_39,2
D2ex_43,2
D2ex_78,2
D3en1_63,7
D3en1_69,2
D3en3_51,2
D3en4_56,2
D3ex_66,2
D71_4,2
D71_9,2
D71_15,2
D71_19,2
D71_21,2
D71_26,2
D71_29,2
D71_30,2
D71_36,2
D71_38,2
D71_42,2
D71_49,2
D71_51,2
D71_54,2
D71_55,2
D71_57,2
D71_61,2
D71_62,2
D71_63,2
D71_82,2
D71_83,2
D71_84,2
D71_86,2
D72_41,2
D72_42,2
D72_55,2
D72_81,2
D72_84,2
D72_96,2
D73_4,2
D73_9,2
D73_12,2
D73_21,2
D73_22,2
D73_28,2
D73_42,2
D73_45,2
D73_55,2
D73_61,2
D73_62,2
D73_67,2
D73_72,2
D73_76,2
D73_85,2
D73_87,2
D73_91,2
D73_92,2
D74_1,2
D74_2,2
D74_3,2
D74_5,2
D74_10,2
D74_16,2
D74_21,2
D74_33,2
D74_35,2
D74_36,2
D74_49,2
D74_51,2
D74_53,2
D74_61,2
D74_65,2
D74_77,2
D74_82,2
D74_83,2
D74_86,2
D74_92,2
D28-1_4,2
D28-1_43,2
D28-2_38,2
D28-2_73,2
D28-3_6,2
D28-3_27,2
D28-3_30,2
D28-3_37,2
D28-3_41,2
D28-3_89,2
D28-4_31,2
D28-4_77,2
D28-4_88,2
D28-5_1,2
D28-5_5,2
D28-5_73,2
D28-6_3,2
D28-6_53,2
D28-6_86,2
D28-6_87,2
D28-7_40,3
D28-8_4,2
D28-8_29,2
D28-8_85,2
D28-8_88,2
D29-1_8,2
D29-1_21,2
D29-1_24,2
D29-1_36,2
D29-1_40,2
D29-1_48,2
D29-1_52,2
D29-1_53,2
D29-1_70,2
D29-1_75,2
D29-1_77,2
D29-1_78,2
D29-1_79,2
D29-1_81,2
D29-1_82,2
D29-1_84,2
D29-1_88,2
D29-1_92,2
D29-1_94,2
D29-2_5,2
D29-2_11,2
D29-2_18,2
D29-2_20,2
D29-2_24,2
D29-2_26,2
D29-2_27,2
D29-2_30,2
D29-2_50,2
D29-2_53,2
D29-2_54,2
D29-2_56,2
D29-2_60,2
D29-2_62,2
D29-2_66,2
D29-2_70,2
D29-2_72,2
D29-2_79,2
D29-2_80,2
D29-2_81,2
D29-2_89,2
D29-3_5,2
D29-3_7,2
D29-3_21,2
D29-3_23,2
D29-3_24,2
D29-3_28,2
D29-3_36,2
D29-3_37,2
D29-3_39,2
D29-3_48,2
D29-3_51,2
D29-3_52,2
D29-3_59,2
D29-3_61,2
D29-3_64,2
D29-3_78,2
D29-3_83,2
D29-3_86,2
D29-3_87,2
D29-3_94,2
D29-4_19,2
D29-4_23,2
D29-4_27,2
D29-4_31,2
D29-4_39,2
D29-4_42,2
D29-4_44,2
D29-4_52,2
D29-4_59,2
D29-4_63,4
D29-4_67,2
D29-4_73,2
D29-4_79,2
D29-4_88,2
D29-4_92,2
D29-4_94,2
D29-5_10,2
D29-5_12,2
D29-5_14,2
D29-5_20,2
D29-5_21,2
D29-5_22,2
D29-5_23,2
D29-5_30,2
D29-5_34,2
D29-5_37,2
D29-5_40,2
D29-5_48,2
D29-5_52,2
D29-5_53,2
D29-5_55,2
D29-5_58,2
D29-5_60,2
D29-5_61,2
D29-5_62,2
D29-5_63,2
D29-5_69,2
D29-5_70,2
D29-5_86,2
D29-5_91,2
D29-6_3,2
D29-6_16,2
D29-6_28,2
D29-6_32,2
D29-6_39,2
D29-6_43,2
D29-6_50,2
D29-6_56,2
D29-6_59,2
D29-6_62,2
D29-6_67,2
D29-6_70,2
D29-6_72,2
D29-6_77,2
D29-6_79,2
D29-6_80,2
D29-7_2,2
D29-7_3,2
D29-7_12,2
D29-7_14,2
D29-7_17,2
D29-7_31,2
D29-7_37,2
D29-7_39,2
D29-7_41,2
D29-7_42,2
D29-7_45,2
D29-7_48,2
D29-7_52,2
D29-7_58,2
D29-7_62,2
D29-7_68,2
D29-7_69,2
D29-7_74,2
D29-7_75,2
D29-7_86,2
D29-7_87,2
D29-8_8,2
D29-8_11,2
D29-8_12,2
D29-8_23,2
D29-8_34,2
D29-8_49,2
D29-8_50,2
D29-8_74,2
D29-8_87,2
D29-8_90,2
D29-8_91,2
D29-8_94,2
D30-1_14,2
D30-1_20,4
D30-1_26,2
D30-1_32,2
D30-1_33,2
D30-1_39,2
D30-1_41,2
D30-1_45,2
D30-1_51,2
D30-1_53,2
D30-1_57,2
D30-1_65,2
D30-1_67,2
D30-1_69,2
D30-1_74,2
D30-1_85,2
D30-1_89,2
D30-1_93,2
D30-1_94,2
D30-2_7,2
D30-2_30,2
D30-2_32,2
D30-2_33,2
D30-2_44,2
D30-2_46,2
D30-2_48,2
D30-2_57,2
D30-2_61,2
D30-2_71,2
D30-2_83,2
D30-2_87,2
D30-3_3,2
D30-3_9,2
D30-3_10,2
D30-3_13,2
D30-3_14,2
D30-3_36,2
D30-3_38,2
D30-3_51,2
D30-3_52,2
D30-3_53,2
D30-3_55,2
D30-3_58,2
D30-3_67,2
D30-3_71,2
D30-3_77,2
D30-3_78,2
D30-3_81,2
D30-3_89,2
D30-4_1,2
D30-4_2,2
D30-4_8,2
D30-4_9,2
D30-4_15,2
D30-4_33,2
D30-4_34,2
D30-4_48,2
D30-4_61,2
D30-4_67,2
D30-4_71,2
D30-4_76,2
D30-4_79,2
D30-4_83,2
D30-4_90,2
D30-5_7,2
D30-5_21,2
D30-5_32,2
D30-5_40,2
D30-5_49,2
D30-5_56,2
D30-5_57,2
D30-5_69,2
D30-6_11,2
D30-6_14,2
D30-6_15,2
D30-6_18,2
D30-6_21,2
D30-6_38,2
D30-6_47,2
D30-6_54,2
D30-6_56,2
D30-6_59,2
D30-6_60,2
D30-6_68,2
D30-6_76,2
D30-6_79,2
D30-6_94,2
D30-7_3,2
D30-7_4,2
D30-7_21,2
D30-7_22,2
D30-7_23,2
D30-7_44,2
D30-7_48,2
D30-7_54,2
D30-7_56,2
D30-7_62,2
D30-7_63,2
D30-7_70,2
D30-7_76,2
D30-7_79,2
D30-7_80,2
D30-7_82,7
D30-7_94,2
D30-8_6,2
D30-8_12,2
D30-8_14,2
D30-8_17,2
D30-8_27,2
D30-8_35,2
D30-8_45,2
D30-8_46,2
D30-8_49,2
D30-8_51,2
D30-8_59,2
D30-8_62,2
D30-8_68,2
D30-8_73,2
D30-8_74,2
D30-8_80,2
D30-8_85,2
D31-1_1,2
D31-1_10,2
D31-1_14,2
D31-1_20,2
D31-1_26,2
D31-1_28,2
D31-1_29,2
D31-1_34,2
D31-1_39,2
D31-1_47,2
D31-1_53,2
D31-1_54,2
D31-1_56,2
D31-1_63,2
D31-1_68,2
D31-1_73,2
D31-1_74,2
D31-1_86,2
D31-2_1,2
D31-2_3,2
D31-2_23,2
D31-2_27,2
D31-2_28,2
D31-2_34,2
D31-2_43,2
D31-2_46,2
D31-2_47,2
D31-2_48,2
D31-2_49,7
D31-2_52,2
D31-2_58,2
D31-2_65,2
D31-2_66,2
D31-2_71,2
D31-2_72,2
D31-2_92,2
D31-3_4,2
D31-3_10,2
D31-3_17,2
D31-3_31,2
D31-3_33,2
D31-3_43,2
D31-3_50,2
D31-3_66,2
D31-3_68,2
D31-3_75,2
D31-3_80,2
D31-3_83,2
D31-3_87,2
D31-3_92,2
D31-4_10,2
D31-4_12,2
D31-4_17,2
D31-4_19,2
D31-4_21,2
D31-4_25,2
D31-4_34,2
D31-4_39,2
D31-4_44,2
D31-4_45,2
D31-4_49,2
D31-4_51,2
D31-4_58,2
D31-4_63,2
D31-4_64,2
D31-4_65,2
D31-4_66,2
D31-4_74,2
D31-4_75,2
D31-4_82,2
D31-4_83,2
D31-4_85,2
D31-4_92,2
D31-4_94,2
D31-5_3,2
D31-5_5,2
D31-5_9,2
D31-5_15,2
D31-5_22,2
D31-5_26,2
D31-5_27,2
D31-5_29,2
D31-5_30,2
D31-5_32,2
D31-5_38,2
D31-5_52,2
D31-5_61,2
D31-5_74,2
D31-5_80,2
D31-5_85,2
D31-5_94,2
D31-6_15,2
D31-6_16,2
D31-6_19,2
D31-6_20,2
D31-6_22,2
D31-6_31,2
D31-6_42,2
D31-6_47,2
D31-6_49,2
D31-6_58,2
D31-6_65,2
D31-6_67,2
D31-6_76,2
D31-6_80,2
D31-6_85,2
D31-6_87,2
D31-6_92,2
D31-7_1,2
D31-7_3,2
D31-7_22,2
D31-7_34,2
D31-7_39,2
D31-7_40,2
D31-7_45,2
D31-7_46,2
D31-7_47,2
D31-7_53,2
D31-7_55,2
D31-7_59,2
D31-7_60,2
D31-7_67,2
D31-7_69,2
D31-7_72,2
D31-7_76,2
D31-7_84,2
D31-7_85,2
D31-7_87,2
D31-7_91,2
D31-7_94,2
D31-8_3,2
D31-8_8,2
D31-8_13,2
D31-8_21,2
D31-8_29,2
D31-8_31,2
D31-8_41,2
D31-8_42,2
D31-8_43,2
D31-8_48,2
D31-8_49,2
D31-8_50,2
D31-8_60,2
D31-8_64,2
D31-8_73,2
D31-8_74,2
D31-8_78,2
D31-8_83,2
D31-8_84,2
D31-8_88,2
10th_C11_S96,7
10th_C13_S61,7
10th_C14_S53,7
10th_C17_S97,7
10th_C1_S59,7
10th_C20_S54,7
10th_C23_S98,7
10th_C32_S56,2
10th_C33_S64,7
10th_C37_S49,7
10th_C51_S80,7
10th_C61_S68,7
10th_C64_S112,7
10th_C66_S126,7
10th_C81_S70,7
10th_C84_S115,7
10th_C85_S86,7
11th-C21_S4,7
11th-C22_S65,7
11th-C27_S19,7
11th-C30_S66,7
11th-C41_S60,7
11th-C44_S15,7
11th-C49_S23,7
11th-C51_S39,7
11th-C53_S78,7
11th-C54_S86,7
11th-C66_S88,7
12th-C10_S155,7
12th-C12_S139,7
12th-C14_S190,7
12th-C15_S183,7
12th-C21_S184,7
12th-C24_S141,7
12th-C25_S185,7
12th-C26_S192,7
12th-C30_S157,7
12th-C33_S200,7
12th-C35_S151,7
12th-C38_S194,7
12th-C3_S181,7
12th-C40_S144,7
12th-C42_S159,7
12th-C47_S153,7
12th-C48_S160,7
12th-C4_S154,7
12th-C51_S217,7
12th-C55_S203,7
12th-C59_S169,7
12th-C60_S176,7
12th-C64_S163,7
12th-C65_S170,7
12th-C67_S205,7
12th-C74_S214,7
12th-C7_S196,7
12th-C84_S165,7
12th-C85_S137,7
12th-C8_S189,7
12th-C90_S166,7
12th-C93_S209,7
12th-C96_S167,7
13th_C12_S178,7
13th_C15_S134,7
13th_C16_S193,7
13th_C17_S186,7
13th_C21_S135,7
13th_C34_S181,7
13th_C38_S145,7
13th_C39_S153,7
13th_C46_S183,7
13th_C52_S198,7
13th_C57_S171,7
13th_C5_S184,7
13th_C63_S172,7
13th_C68_S165,7
13th_C70_S201,7
13th_C71_S208,7
13th_C75_S159,7
13th_C80_S167,7
13th_C81_S160,7
13th_C89_S211,7
13th_C94_S219,7
13th_C96_S204,7
1st-61_S27,7
1st-C11_S58,7
1st-C13_S19,7
1st-C32_S14,7
1st-C39_S23,7
1st-C58_S76,7
1st-C64_S79,7
1st-C77_S86,0
1st-C79_S46,7
1st-C90_S91,7
1st-C96_S94,7
2nd-C15_S25,7
2nd-C17_S32,7
2nd-C19_S39,7
2nd-C27_S51,7
2nd-C32_S62,7
2nd-C37_S73,7
2nd-C38_S74,7
2nd-C49_S4,7
2nd-C51_S6,7
2nd-C52_S10,7
2nd-C5_S8,7
2nd-C62_S29,7
2nd-C72_S48,7
2nd-C76_S60,7
2nd-C7_S15,7
2nd-C81_S64,7
2nd-C86_S77,7
2nd-C87_S76,7
2nd-C88_S84,7
2nd-C93_S88,7
2nd-C95_S95,7
3rd-C11_S58,7
3rd-C25_S15,7
3rd-C33_S50,7
3rd-C36_S2,7
3rd-C4_S25,7
3rd-C56_S90,7
3rd-C58_S3,7
3rd-C59_S91,7
3rd-C60_S10,7
3rd-C65_S20,7
3rd-C71_S80,7
3rd-C82_S11,7
3rd-C84_S75,7
3rd-C87_S88,7
3rd-C88_S24,7
3rd-C92_S86,7
3rd-C96_S79,7
4th-61_S28,7
4th-C14_S26,7
4th-C24_S43,7
4th-C28_S55,7
4th-C45_S87,7
4th-C49_S4,7
4th-C5_S8,7
4th-C67_S40,7
4th-C7_S15,7
4th-C8_S14,7
4th-C93_S88,7
5th-C12_S90,3
5th-C14_S97,7
5th-C16_S98,0
5th-C18_S96,7
5th-C25_S108,6
5th-C49_S89,7
5th-C5_S85,7
5th-C64_S99,6
5th-C80_S116,7
5th-C90_S115,2
6th-C12_S18,7
6th-C15_S22,7
6th-C16_S29,7
6th-C19_S35,7
6th-C1_S3,7
6th-C20_S34,7
6th-C22_S39,7
6th-C25_S43,7
6th-C28_S49,7
6th-C29_S50,7
6th-C2_S2,7
6th-C30_S51,7
6th-C40_S73,7
6th-C42_S75,7
6th-C51_S6,7
6th-C54_S11,7
6th-C57_S17,7
6th-C58_S20,7
6th-C59_S21,7
6th-C64_S30,7
6th-C66_S32,7
6th-C67_S36,7
6th-C71_S41,7
6th-C73_S48,7
6th-C75_S46,7
6th-C77_S53,7
6th-C79_S60,7
6th-C80_S59,7
6th-C82_S66,7
6th-C84_S64,7
6th-C85_S72,7
6th-C89_S77,7
6th-C90_S76,7
6th-C91_S84,7
6th-C93_S82,7
7th-C10_S19,7
7th-C12_S17,7
7th-C19_S36,7
7th-C1_S3,7
7th-C20_S35,7
7th-C21_S34,7
7th-C25_S43,7
7th-C28_S48,7
7th-C2_S2,7
7th-C31_S53,7
7th-C3_S1,7
7th-C45_S77,7
7th-C4_S8,7
7th-C50_S5,7
7th-C52_S9,7
7th-C53_S10,7
7th-C57_S16,7
7th-C59_S21,7
7th-C60_S22,7
7th-C62_S27,7
7th-C64_S31,7
7th-C65_S32,7
7th-C66_S33,7
7th-C73_S47,7
7th-C77_S51,7
7th-C80_S57,7
7th-C84_S62,7
7th-C89_S74,7
7th-C8_S13,7
7th-C90_S73,7
7th-C94_S83,7
7th-C96_S82,7
8th-C10_S100,7
8th-C18_S110,7
8th-C24_S120,7
8th-C2_S85,7
8th-C38_S147,7
8th-C44_S155,7
8th-C47_S160,7
8th-C61_S107,7
8th-C65_S113,7
8th-C70_S123,7
8th-C75_S128,7
8th-C87_S148,7
9th-C10_S18,7
9th-C11_S17,7
9th-C13_S24,7
9th-C14_S23,7
9th-C16_S30,7
9th-C1_S3,7
9th-C25_S45,7
9th-C38_S64,7
9th-C3_S1,7
9th-C41_S70,7
9th-C46_S79,7
9th-C51_S6,7
9th-C57_S16,6
9th-C59_S20,7
9th-C65_S32,7
9th-C69_S39,7
9th-C6_S7,7
9th-C70_S42,7
9th-C81_S55,7
9th-C86_S67,7
9th-C88_S73,7
9th-C89_S72,7
9th-C8_S14,7
9th-C91_S78,7
9th-C93_S76,7
9th-C94_S83,7
AZ_C10,2
AZ_A8,2
AZ_D6,2
AZ_H11,2
AZ_E7,2
AZ_G2,2
AZ_H6,2
AZ_F7,2
AZ_C4,2
AZ_F2,2
AZ_F1,2
AZ_D2,2
HP1502401_B14,2
HP1502401_G14,2
HP1502401_D13,2
HP1502401_J22,2
HP1502401_G24,2
HP1502401_N8,2
HP1502401_O16,2
HP1502401_H22,2
HP1502401_A7,2
HP1502401_B7,2
HP1502401_H11,2
HP1502401_E22,2
HP1502401_N1,2
HP1502401_D7,2
HP1502401_C18,2
HP1502401_F22,2
HP1502401_B24,2
HP1502401_C6,2
HP1502401_I6,7
HP1502401_G4,2
HP1502401_B21,2
HP1502401_D3,2
HP1502401_G6,2
HP1502401_C10,2
HP1502401_E19,2
HP1502401_J10,2
HP1502401_D6,2
HP1502401_M2,2
HP1502401_D22,2
HP1502401_G20,4
HP1502401_L10,2
HP1502401_M12,2
HP1502401_G22,2
HP1502401_B1,2
HP1502401_F24,2
HP1502401_E10,2
HP1502401_G5,2
HP1502401_A6,2
HP1502401_O7,2
HP1502401_H12,2
HP1502401_F9,2
HP1502401_F16,2
HP1502401_M20,2
HP1502401_C21,2
HP1502401_C7,2
HP1502401_H19,2
HP1502401_I24,2
HP1502401_N21,2
HP1502401_A10,2
HP1502401_J12,2
HP1502401_F21,2
HP1502401_B23,2
HP1504101T2D_O12,2
HP1504101T2D_E16,2
HP1504101T2D_C24,2
HP1504101T2D_B6,2
HP1504101T2D_D8,0
HP1504101T2D_N10,2
HP1504101T2D_G9,5
HP1504101T2D_E24,2
HP1504101T2D_C18,2
HP1504101T2D_B3,2
HP1504101T2D_H6,2
HP1504101T2D_I21,2
HP1504101T2D_H23,2
HP1504101T2D_D9,2
HP1504101T2D_E15,2
HP1504901_O20,2
HP1504901_E16,2
HP1504901_L8,2
HP1504901_G8,2
HP1504901_B22,2
HP1504901_P14,2
HP1504901_N13,2
HP1504901_L17,2
HP1504901_C17,2
HP1504901_B11,2
HP1504901_F17,2
HP1504901_K19,2
HP1504901_O8,2
HP1504901_H17,2
HP1504901_H5,2
HP1504901_F11,2
HP1504901_G12,2
HP1504901_A16,2
HP1504901_J7,2
HP1504901_B7,2
HP1504901_G4,2
HP1504901_K22,2
HP1504901_N8,2
HP1504901_E10,2
HP1504901_L22,2
HP1504901_E21,2
HP1504901_H18,2
HP1504901_G16,2
HP1504901_J3,2
HP1504901_D7,2
HP1504901_B10,2
HP1506401_K1,2
HP1506401_C9,2
HP1506401_J19,2
HP1506401_F12,2
HP1506401_F24,2
HP1506401_F8,2
HP1506401_N20,2
HP1506401_M5,2
HP1506401_P20,2
HP1506401_J17,2
HP1506401_I23,2
HP1506401_F18,2
HP1506401_O10,2
HP1506401_C15,2
HP1506401_C4,2
HP1506401_G9,2
HP1506401_L14,2
HP1506401_A15,2
HP1506401_O11,2
HP1506401_I11,2
HP1506401_L5,2
HP1506401_P12,2
HP1506401_F11,2
HP1506401_F22,2
HP1506401_N11,2
HP1506401_A24,2
HP1506401_K21,2
HP1506401_D13,2
HP1506401_C8,2
HP1506401_F9,2
HP1506401_P14,2
HP1506401_L2,2
HP1506401_G6,2
HP1506401_A17,2
HP1506401_B8,2
HP1506401_I12,2
HP1506401_G12,2
HP1506401_B11,2
HP1507101_L22,2
HP1507101_D6,2
HP1507101_P2,2
HP1507101_L24,2
HP1507101_J8,2
HP1507101_F14,2
HP1507101_N5,2
HP1507101_K23,2
HP1507101_H24,2
HP1507101_F11,2
HP1507101_H4,2
HP1507101_D22,2
HP1507101_C7,2
HP1507101_D3,2
HP1507101_A12,2
HP1507101_C10,2
HP1507101_I12,2
HP1507101_J19,2
HP1507101_H10,2
HP1507101_A6,2
HP1507101_N6,2
HP1507101_O3,2
HP1507101_L16,2
HP1507101_K15,2
HP1507101_N13,2
HP1507101_E14,2
HP1507101_A13,2
HP1507101_J20,2
HP1507101_O9,2
HP1507101_M8,2
HP1507101_I18,2
HP1507101_H17,2
HP1507101_C12,2
HP1507101_O14,2
HP1507101_D23,2
HP1507101_C15,2
HP1507101_F23,2
HP1507101_O19,2
HP1507101_B5,2
HP1507101_F4,2
HP1507101_O8,2
HP1508501T2D_O4,2
HP1508501T2D_F3,2
HP1508501T2D_A10,2
HP1508501T2D_H2,2
HP1508501T2D_I8,2
HP1508501T2D_C14,2
HP1508501T2D_B21,2
HP1508501T2D_F1,2
HP1508501T2D_B20,2
HP1508501T2D_K20,2
HP1508501T2D_G5,2
HP1508501T2D_M14,2
HP1508501T2D_F7,2
HP1508501T2D_D12,2
HP1508501T2D_P1,2
HP1508501T2D_J6,2
HP1508501T2D_C4,2
HP1508501T2D_J24,2
HP1508501T2D_C17,7
HP1508501T2D_B16,2
HP1509101_G2,0
HP1509101_C1,2
HP1509101_D18,2
HP1509101_K9,2
HP1509101_I11,2
HP1509101_C23,2
HP1509101_G9,2
HP1509101_P1,2
HP1509101_N21,2
HP1509101_B13,2
HP1509101_P7,2
HP1509101_O6,2
HP1509101_O18,2
HP1509101_N23,2
HP1509101_E22,2
HP1509101_J19,2
HP1509101_L14,2
HP1509101_G12,2
HP1509101_P15,2
HP1525301T2D_F15,2
HP1525301T2D_N3,2
HP1525301T2D_I6,2
HP1525301T2D_F23,2
HP1525301T2D_M7,2
HP1525301T2D_L14,7
HP1525301T2D_N18,2
HP1525301T2D_D23,2
HP1525301T2D_H10,7
HP1525301T2D_L17,2
HP1525301T2D_G8,2
HP1525301T2D_M14,2
HP1526901T2D_P9,2
HP1526901T2D_E11,2
HP1526901T2D_J6,2
HP1526901T2D_G21,2
HP1526901T2D_H24,2
HP1526901T2D_A1,2
HP1526901T2D_M15,2
HP1526901T2D_G17,2
HP1526901T2D_L1,2
HP1526901T2D_B4,2
HP1526901T2D_K3,2
HP1526901T2D_O15,2
HP1526901T2D_J21,2
HP1526901T2D_J5,2
HP1526901T2D_L4,2
HP1526901T2D_H20,2
HP1526901T2D_N12,2
HP1526901T2D_F5,2
HP1526901T2D_O24,2
HP1526901T2D_O14,2
HP1526901T2D_C3,2
HP1526901T2D_N13,2
HP1526901T2D_D19,2
HP1526901T2D_L5,7
HP1526901T2D_F17,2
HP1526901T2D_N3,2
HP1526901T2D_K23,2
HP1526901T2D_P17,2
HP1526901T2D_O1,2
HP1526901T2D_O17,2
HP1526901T2D_K20,2
HP1526901T2D_A2,2
HP1526901T2D_H22,2
HP1526901T2D_I20,2
HP1526901T2D_B9,2
HP1526901T2D_H4,2
HP1526901T2D_M24,2
HP1526901T2D_L3,2
HP1526901T2D_P7,2
HP1526901T2D_O13,2
HP1526901T2D_N23,2
HP1526901T2D_B1,2
HP1526901T2D_N1,2
HP1526901T2D_A19,2
HP1526901T2D_I13,2
HP1526901T2D_I3,2
HP1526901T2D_M2,2
HP1526901T2D_H14,2
HP1526901T2D_E2,2
HP1526901T2D_I5,2
HP1526901T2D_P11,2
HP1526901T2D_P10,2
HP1526901T2D_C17,2
HP1526901T2D_C11,2
HP1526901T2D_H10,2
HP1526901T2D_L6,2
HP1526901T2D_P18,2
HP1526901T2D_C10,2
HP1526901T2D_G4,2
HP1526901T2D_P4,2
HP1526901T2D_I22,2
HP1526901T2D_O8,2
HP1526901T2D_A5,2
HP1526901T2D_F18,2
HP1526901T2D_D17,2
HP1526901T2D_A14,2
HP1526901T2D_B10,2
HP1526901T2D_K7,2
D101_17,1
D101_27,1
D101_29,1
D101_37,1
D101_53,3
D101_72,1
D102_1,1
D102_64,1
D102_73,1
D102_79,1
D102_87,1
D10631_2,1
D10631_3,1
D10631_10,3
D10631_24,1
D10631_34,6
D10631_45,1
D10631_56,1
D10631_63,1
D10631_65,1
D10631_68,1
D10631_76,1
D10631_85,1
D10631_88,6
D10631_90,1
D10631_92,1
D1713_1,1
D1713_2,1
D1713_3,1
D1713_4,1
D1713_5,1
D1713_10,6
D1713_12,1
D1713_13,1
D1713_14,1
D1713_17,1
D1713_20,3
D1713_22,1
D1713_25,1
D1713_30,1
D1713_31,1
D1713_32,1
D1713_35,1
D1713_41,1
D1713_43,1
D1713_46,1
D1713_47,1
D1713_48,1
D1713_49,1
D1713_52,6
D1713_53,1
D1713_54,1
D1713_55,1
D1713_56,1
D1713_57,1
D1713_59,1
D1713_64,1
D1713_65,1
D1713_66,1
D1713_73,7
D1713_74,1
D1713_75,1
D1713_77,1
D1713_79,1
D1713_81,1
D1713_82,1
D1713_83,1
D1713_84,1
D1713_85,1
D1713_86,1
D1713_87,1
D1713_88,1
D1713_92,1
D1713_94,1
D172444_15,1
D172444_18,6
D172444_59,1
D17All1_9,1
D17All1_11,1
D17All1_16,1
D17All1_20,1
D17All1_24,1
D17All1_25,1
D17All1_26,1
D17All1_29,1
D17All1_31,1
D17All1_32,1
D17All1_41,1
D17All1_44,1
D17All1_45,1
D17All1_47,1
D17All1_48,1
D17All1_53,1
D17All1_56,1
D17All1_65,1
D17All1_76,1
D17All1_78,1
D17All1_79,1
D17All1_84,1
D17All1_86,1
D17All1_96,1
D17All2_4,0
D17All2_8,1
D17All2_18,1
D17All2_23,1
D17All2_29,1
D17All2_48,1
D17All2_53,1
D17All2_54,1
D17All2_58,1
D17All2_59,1
D17All2_64,6
D17All2_66,1
D17All2_70,1
D17All2_71,1
D17All2_72,1
D17All2_76,1
D17All2_77,1
D17All2_81,1
D17All2_91,1
D17TGFB_3,1
D17TGFB_5,1
D17TGFB_19,1
D17TGFB_24,1
D17TGFB_25,1
D17TGFB_27,3
D17TGFB_28,1
D17TGFB_29,6
D17TGFB_34,3
D17TGFB_37,3
D17TGFB_55,3
D17TGFB_64,1
D17TGFB_72,3
D17TGFB_79,1
D17TGFB_81,1
D17TGFB_83,1
D17TGFB_86,1
D17TGFB_87,1
D17TGFB_88,1
D2ex_4,1
D2ex_5,1
D2ex_6,1
D2ex_7,1
D2ex_8,1
D2ex_9,1
D2ex_11,6
D2ex_12,1
D2ex_14,1
D2ex_17,1
D2ex_19,1
D2ex_20,1
D2ex_22,1
D2ex_23,1
D2ex_25,1
D2ex_27,1
D2ex_29,1
D2ex_30,1
D2ex_33,1
D2ex_35,1
D2ex_36,1
D2ex_38,1
D2ex_47,1
D2ex_49,6
D2ex_52,1
D2ex_53,1
D2ex_55,1
D2ex_56,1
D2ex_57,1
D2ex_58,6
D2ex_62,1
D2ex_67,1
D2ex_68,3
D2ex_71,1
D2ex_72,1
D2ex_73,6
D2ex_74,1
D2ex_75,1
D2ex_77,1
D2ex_82,1
D2ex_83,3
D2ex_84,1
D2ex_85,1
D2ex_88,1
D2ex_89,1
D2ex_90,3
D3en1_29,6
D3en1_30,1
D3en1_50,1
D3en1_60,6
D3en1_71,1
D3en1_75,1
D3en1_79,1
D3en1_87,1
D3en1_88,1
D3en2_24,6
D3en2_60,1
D3en2_62,1
D3en2_68,6
D3en2_71,1
D3en2_91,1
D3en3_6,6
D3en3_53,1
D3en3_87,1
D3en4_4,6
D3en4_6,1
D3en4_23,1
D3en4_41,1
D3en4_61,1
D3en4_63,1
D3en4_64,1
D3en4_65,1
D3en4_73,1
D3en4_74,3
D3ex_4,6
D3ex_9,1
D3ex_12,1
D3ex_34,6
D3ex_91,1
D71_6,1
D71_12,1
D71_14,1
D71_18,1
D71_23,1
D71_27,1
D71_28,1
D71_31,1
D71_33,1
D71_41,1
D71_45,1
D71_52,1
D71_53,1
D71_56,1
D71_64,1
D71_65,1
D71_66,1
D71_67,1
D71_69,1
D71_70,1
D71_71,1
D71_72,0
D71_73,1
D71_75,1
D71_80,3
D71_81,1
D71_85,1
D71_95,1
D72_4,1
D72_23,1
D72_31,1
D72_32,1
D72_34,1
D72_37,1
D72_43,1
D72_49,1
D72_52,1
D72_53,1
D72_61,1
D72_65,1
D72_66,1
D72_68,1
D72_72,1
D72_76,1
D72_78,6
D72_82,1
D72_86,1
D72_93,1
D73_2,1
D73_5,1
D73_8,1
D73_11,1
D73_18,1
D73_19,1
D73_23,1
D73_24,1
D73_25,6
D73_26,1
D73_27,1
D73_29,1
D73_34,6
D73_40,1
D73_46,1
D73_49,1
D73_50,1
D73_51,1
D73_54,1
D73_57,1
D73_60,1
D73_63,1
D73_64,1
D73_65,1
D73_70,1
D73_71,1
D73_73,1
D73_78,1
D73_84,1
D73_89,1
D73_96,1
D74_6,1
D74_13,1
D74_15,6
D74_17,1
D74_18,1
D74_22,1
D74_23,1
D74_24,1
D74_26,1
D74_27,1
D74_28,1
D74_31,1
D74_34,1
D74_37,1
D74_39,1
D74_43,1
D74_46,1
D74_47,1
D74_54,1
D74_58,1
D74_60,1
D74_63,1
D74_69,1
D74_71,1
D74_74,1
D74_78,1
D74_79,1
D74_91,6
D74_93,1
D74_94,1
D28-1_5,1
D28-1_13,1
D28-1_49,1
D28-1_52,1
D28-1_66,1
D28-1_73,3
D28-1_77,1
D28-1_80,1
D28-1_90,1
D28-1_91,1
D28-2_13,1
D28-2_16,1
D28-2_17,1
D28-2_26,1
D28-2_29,1
D28-2_40,1
D28-2_64,1
D28-3_29,1
D28-3_49,1
D28-3_53,1
D28-3_54,1
D28-3_63,1
D28-3_73,1
D28-3_86,1
D28-4_22,1
D28-4_43,1
D28-4_50,1
D28-4_52,1
D28-4_55,1
D28-4_73,1
D28-4_74,1
D28-4_78,1
D28-4_91,1
D28-5_4,1
D28-5_16,1
D28-5_26,1
D28-5_30,3
D28-5_61,1
D28-5_66,1
D28-5_75,1
D28-6_16,1
D28-6_17,1
D28-6_39,1
D28-6_75,1
D28-7_15,1
D28-7_18,1
D28-7_42,1
D28-7_50,1
D28-7_76,1
D28-7_85,1
D28-7_87,1
D28-7_89,1
D28-8_1,1
D28-8_28,1
D28-8_31,1
D28-8_37,3
D28-8_51,3
D28-8_55,1
D28-8_62,1
D28-8_78,1
D28-8_87,1
D28-8_90,1
D29-1_54,1
D29-1_65,1
D29-2_7,1
D29-2_12,1
D29-2_57,1
D29-2_61,1
D29-2_63,1
D29-2_65,1
D29-2_88,1
D29-3_12,1
D29-3_17,1
D29-3_50,1
D29-4_45,1
D29-4_47,1
D29-5_64,1
D29-5_89,1
D29-7_20,1
D29-8_63,1
D29-8_75,1
D29-8_88,1
D30-1_13,1
D30-1_31,1
D30-1_42,1
D30-1_43,1
D30-1_46,1
D30-1_78,1
D30-1_88,1
D30-2_4,1
D30-2_9,1
D30-2_35,1
D30-2_40,1
D30-2_50,1
D30-2_58,1
D30-3_8,1
D30-3_12,1
D30-3_17,1
D30-3_24,1
D30-3_32,1
D30-3_49,1
D30-3_56,1
D30-3_90,1
D30-4_7,1
D30-4_13,1
D30-4_16,1
D30-4_27,1
D30-4_31,1
D30-4_38,1
D30-4_42,1
D30-4_44,1
D30-4_46,1
D30-4_51,1
D30-4_53,1
D30-4_58,1
D30-4_91,1
D30-4_92,1
D30-4_93,1
D30-5_5,1
D30-5_9,1
D30-5_31,1
D30-5_34,1
D30-5_38,1
D30-5_42,1
D30-5_44,1
D30-5_46,1
D30-5_50,1
D30-5_58,1
D30-5_61,1
D30-5_64,1
D30-5_78,1
D30-5_81,1
D30-6_12,1
D30-6_20,1
D30-6_25,1
D30-6_34,1
D30-6_48,1
D30-6_52,1
D30-6_57,1
D30-6_61,1
D30-6_64,1
D30-6_69,1
D30-6_77,1
D30-6_78,1
D30-6_86,1
D30-7_15,1
D30-7_17,1
D30-7_35,1
D30-7_46,1
D30-7_51,1
D30-7_74,1
D30-7_83,1
D30-7_85,1
D30-8_4,1
D30-8_8,1
D30-8_16,1
D30-8_22,1
D30-8_29,1
D30-8_38,1
D30-8_82,1
D30-8_93,1
D31-1_12,1
D31-1_16,1
D31-1_50,1
D31-1_55,1
D31-1_62,1
D31-1_72,1
D31-1_76,1
D31-1_77,1
D31-1_82,1
D31-1_83,1
D31-1_84,1
D31-1_90,1
D31-1_93,1
D31-2_10,1
D31-2_17,1
D31-2_20,1
D31-2_21,1
D31-2_35,1
D31-2_37,1
D31-2_40,1
D31-2_41,1
D31-2_54,1
D31-2_59,1
D31-2_62,1
D31-2_68,1
D31-2_73,1
D31-2_76,1
D31-2_77,1
D31-2_78,1
D31-2_84,1
D31-2_94,1
D31-3_12,1
D31-3_21,1
D31-3_37,1
D31-3_65,1
D31-3_81,1
D31-3_82,1
D31-4_33,1
D31-4_35,1
D31-4_38,1
D31-4_56,1
D31-4_57,1
D31-4_68,1
D31-4_69,1
D31-4_71,1
D31-4_73,1
D31-4_76,1
D31-4_77,1
D31-5_13,1
D31-5_14,1
D31-5_19,1
D31-5_37,1
D31-5_41,1
D31-5_51,1
D31-5_64,1
D31-5_65,1
D31-5_73,1
D31-5_81,1
D31-5_91,1
D31-6_4,1
D31-6_27,1
D31-6_28,1
D31-6_34,1
D31-6_37,1
D31-6_41,1
D31-6_44,1
D31-6_50,1
D31-6_51,1
D31-6_68,1
D31-6_72,1
D31-6_79,1
D31-6_82,1
D31-6_93,1
D31-7_10,1
D31-7_16,1
D31-7_18,1
D31-7_23,1
D31-7_26,1
D31-7_29,1
D31-7_42,1
D31-7_56,1
D31-7_57,1
D31-7_73,1
D31-7_89,1
D31-8_19,1
D31-8_20,1
D31-8_23,1
D31-8_30,1
D31-8_37,1
D31-8_45,1
D31-8_58,1
D31-8_75,1
D31-8_77,1
D31-8_80,1
D31-8_85,1
D31-8_90,1
D31-8_94,1
10th_C10_S104,1
10th_C24_S90,1
10th_C4_S103,1
10th_C54_S124,1
10th_C68_S75,1
10th_C73_S84,1
10th_C7_S60,1
10th_C80_S77,1
10th_C88_S130,1
11th-C24_S49,1
11th-C26_S12,1
11th-C43_S7,1
11th-C4_S62,1
11th-C55_S24,1
11th-C58_S71,1
11th-C68_S34,1
11th-C7_S16,1
12th-C56_S211,1
13th_C49_S155,1
13th_C8_S140,1
3rd-C20_S22,1
4th-C70_S46,6
4th-C81_S64,1
5th-C11_S91,1
5th-C30_S105,1
5th-C41_S113,1
5th-C43_S121,1
5th-C57_S96,1
7th-C17_S29,6
7th-C47_S81,1
7th-C76_S52,1
7th-C81_S56,1
7th-C88_S75,1
8th-C67_S117,1
8th-C73_S130,1
9th-C61_S25,1
AZ_C3,1
AZ_F9,1
AZ_C9,1
HP1502401_H23,1
HP1502401_G23,1
HP1502401_D18,1
HP1502401_L5,1
HP1502401_H21,1
HP1502401_N18,1
HP1502401_I2,1
HP1502401_L18,1
HP1502401_D4,1
HP1502401_J15,1
HP1502401_J19,1
HP1502401_O10,1
HP1502401_C12,1
HP1502401_J17,1
HP1502401_N10,1
HP1502401_J24,1
HP1502401_M16,1
HP1502401_I21,1
HP1502401_N16,1
HP1504101T2D_B8,1
HP1504101T2D_E19,1
HP1504101T2D_H18,1
HP1504101T2D_O24,1
HP1504901_J10,1
HP1504901_O11,1
HP1504901_P11,1
HP1504901_F8,1
HP1504901_N18,1
HP1504901_I10,1
HP1504901_O14,1
HP1504901_P7,1
HP1504901_J13,1
HP1504901_E6,1
HP1504901_J15,9
HP1504901_L16,1
HP1504901_B14,1
HP1504901_K23,1
HP1504901_G11,1
HP1504901_J5,1
HP1506401_G2,1
HP1506401_O2,1
HP1506401_N10,1
HP1506401_D15,1
HP1506401_D21,1
HP1506401_F7,1
HP1506401_G21,1
HP1506401_B17,1
HP1506401_J5,1
HP1506401_M16,1
HP1506401_A18,1
HP1506401_C12,1
HP1506401_E6,1
HP1506401_A13,1
HP1506401_H4,1
HP1506401_O4,1
HP1506401_L21,1
HP1506401_I24,1
HP1506401_F21,1
HP1506401_J8,1
HP1506401_K17,1
HP1506401_N16,1
HP1506401_D8,1
HP1506401_H7,1
HP1506401_M21,1
HP1506401_P11,1
HP1506401_L10,1
HP1506401_P5,1
HP1506401_D10,1
HP1506401_L20,1
HP1506401_C17,1
HP1506401_J7,1
HP1506401_D2,1
HP1506401_G18,1
HP1506401_E17,1
HP1506401_G19,1
HP1506401_L4,1
HP1506401_L13,1
HP1506401_H6,1
HP1506401_F10,1
HP1506401_I4,1
HP1506401_D17,1
HP1506401_P22,1
HP1506401_O8,1
HP1506401_I21,1
HP1506401_F19,1
HP1506401_A20,1
HP1506401_P18,1
HP1506401_L1,1
HP1506401_G20,1
HP1506401_A4,1
HP1506401_P1,1
HP1506401_J20,1
HP1506401_P21,1
HP1506401_H2,1
HP1506401_K19,1
HP1506401_C16,1
HP1506401_K4,1
HP1506401_F23,1
HP1506401_P9,1
HP1506401_K16,1
HP1506401_H23,1
HP1506401_I16,1
HP1506401_I3,1
HP1506401_B24,1
HP1506401_G23,1
HP1506401_N17,1
HP1506401_D18,1
HP1506401_M11,1
HP1506401_A12,1
HP1506401_J22,1
HP1506401_E19,1
HP1506401_H9,1
HP1506401_D22,1
HP1506401_J21,1
HP1506401_P4,1
HP1506401_B18,1
HP1506401_B23,1
HP1506401_D1,1
HP1506401_D7,1
HP1507101_J15,1
HP1507101_K16,1
HP1507101_G10,1
HP1507101_H16,1
HP1507101_N17,1
HP1507101_F15,1
HP1507101_O12,1
HP1507101_N8,1
HP1507101_P1,1
HP1508501T2D_K2,1
HP1508501T2D_G2,1
HP1508501T2D_I1,1
HP1508501T2D_C2,1
HP1508501T2D_G3,1
HP1508501T2D_G1,1
HP1508501T2D_K13,1
HP1508501T2D_N1,1
HP1508501T2D_B18,1
HP1508501T2D_C6,1
HP1508501T2D_O3,1
HP1508501T2D_M17,1
HP1508501T2D_M3,1
HP1508501T2D_L20,1
HP1508501T2D_L8,1
HP1508501T2D_P14,3
HP1508501T2D_F4,1
HP1508501T2D_F12,1
HP1508501T2D_N9,1
HP1508501T2D_B17,1
HP1508501T2D_J11,1
HP1508501T2D_N7,1
HP1508501T2D_M15,1
HP1508501T2D_K22,1
HP1508501T2D_H17,1
HP1508501T2D_M22,1
HP1508501T2D_H20,1
HP1508501T2D_F8,1
HP1508501T2D_E15,1
HP1508501T2D_N19,1
HP1508501T2D_B19,1
HP1508501T2D_N17,1
HP1508501T2D_N2,1
HP1508501T2D_N22,1
HP1508501T2D_C24,1
HP1508501T2D_H13,1
HP1508501T2D_L21,1
HP1508501T2D_E7,1
HP1508501T2D_I11,1
HP1508501T2D_K7,1
HP1508501T2D_O9,1
HP1508501T2D_I17,1
HP1508501T2D_L11,1
HP1508501T2D_G14,1
HP1508501T2D_J13,1
HP1508501T2D_A7,1
HP1508501T2D_P12,1
HP1508501T2D_C19,1
HP1508501T2D_E17,1
HP1508501T2D_H9,1
HP1508501T2D_F15,1
HP1508501T2D_C21,1
HP1508501T2D_C15,1
HP1508501T2D_N15,1
HP1508501T2D_L23,1
HP1508501T2D_B24,1
HP1508501T2D_O8,1
HP1508501T2D_D24,1
HP1508501T2D_K15,1
HP1508501T2D_J22,1
HP1508501T2D_N23,1
HP1508501T2D_A17,1
HP1508501T2D_L24,1
HP1508501T2D_C11,1
HP1508501T2D_C18,1
HP1508501T2D_O12,1
HP1508501T2D_J14,1
HP1508501T2D_L5,1
HP1508501T2D_M23,1
HP1508501T2D_N10,1
HP1508501T2D_K23,1
HP1508501T2D_I4,1
HP1508501T2D_N6,1
HP1508501T2D_J16,1
HP1508501T2D_G13,1
HP1508501T2D_I12,1
HP1508501T2D_E11,1
HP1508501T2D_I13,1
HP1508501T2D_L9,1
HP1508501T2D_E9,1
HP1508501T2D_D22,1
HP1508501T2D_E16,1
HP1508501T2D_I21,1
HP1508501T2D_K3,1
HP1508501T2D_N8,1
HP1508501T2D_J15,1
HP1509101_E3,1
HP1509101_J22,1
HP1509101_K19,1
HP1509101_M14,1
HP1509101_K15,1
HP1509101_A24,1
HP1509101_B9,1
HP1509101_P17,1
HP1509101_P9,1
HP1509101_L13,1
HP1509101_J11,1
HP1509101_D17,1
HP1509101_N7,1
HP1509101_F24,1
HP1509101_F2,1
HP1509101_B24,1
HP1509101_M16,1
HP1509101_P6,1
HP1509101_L3,1
HP1509101_J9,1
HP1509101_B19,1
HP1509101_D23,1
HP1509101_G4,1
HP1509101_P22,1
HP1509101_E24,1
HP1509101_G10,1
HP1509101_J23,1
HP1509101_I12,1
HP1509101_O14,1
HP1509101_L16,1
HP1509101_K10,1
HP1509101_B23,1
HP1509101_I16,1
HP1509101_A8,1
HP1509101_C21,1
HP1509101_P5,1
HP1509101_N6,1
HP1509101_N10,1
HP1509101_O17,1
HP1509101_P8,1
HP1509101_C6,1
HP1509101_F22,1
HP1509101_F7,1
HP1509101_E10,1
HP1509101_E9,1
HP1509101_A17,1
HP1509101_H20,1
HP1509101_D21,1
HP1509101_I6,1
HP1525301T2D_P14,1
HP1525301T2D_O14,1
HP1525301T2D_H14,1
HP1525301T2D_P1,1
HP1525301T2D_K16,1
HP1525301T2D_C3,1
HP1525301T2D_D1,1
HP1525301T2D_I18,1
HP1525301T2D_M11,1
HP1525301T2D_I23,1
HP1525301T2D_K14,1
HP1525301T2D_J7,1
HP1525301T2D_C4,1
HP1525301T2D_J21,1
HP1525301T2D_C6,1
HP1525301T2D_G3,1
HP1525301T2D_E11,1
HP1525301T2D_N4,1
HP1525301T2D_B24,1
HP1525301T2D_O20,1
HP1525301T2D_G13,1
HP1525301T2D_L23,1
HP1525301T2D_I1,1
HP1525301T2D_C24,1
HP1525301T2D_G14,1
HP1525301T2D_L1,1
HP1525301T2D_I10,1
HP1525301T2D_G20,1
HP1525301T2D_H24,1
HP1525301T2D_P13,1
HP1525301T2D_D2,1
HP1525301T2D_I3,1
HP1525301T2D_K21,1
HP1525301T2D_H3,1
HP1525301T2D_N5,1
HP1525301T2D_A17,1
HP1525301T2D_C13,1
HP1525301T2D_I19,1
HP1525301T2D_J15,1
HP1525301T2D_P21,1
HP1525301T2D_P5,1
HP1525301T2D_F21,1
HP1525301T2D_A19,1
HP1525301T2D_O7,1
HP1525301T2D_A12,1
HP1525301T2D_K11,1
HP1525301T2D_O23,1
HP1525301T2D_A15,1
HP1525301T2D_L2,1
HP1525301T2D_B10,1
HP1525301T2D_K18,1
HP1525301T2D_C17,1
HP1525301T2D_D3,1
HP1525301T2D_D22,1
HP1525301T2D_F16,1
HP1525301T2D_N11,1
HP1525301T2D_K6,1
HP1525301T2D_L4,1
HP1525301T2D_G9,1
HP1525301T2D_L20,1
HP1525301T2D_E20,1
HP1525301T2D_I22,1
HP1525301T2D_F8,1
HP1525301T2D_A13,1
HP1525301T2D_A1,1
HP1525301T2D_N14,1
HP1525301T2D_J9,1
HP1525301T2D_P2,1
HP1525301T2D_K12,1
HP1525301T2D_O17,1
HP1525301T2D_L3,1
HP1525301T2D_D5,1
HP1525301T2D_I15,1
HP1525301T2D_E15,1
HP1525301T2D_H11,1
HP1525301T2D_L6,1
HP1525301T2D_F12,1
HP1525301T2D_P19,1
HP1525301T2D_A14,1
HP1525301T2D_C9,1
HP1525301T2D_J20,1
HP1525301T2D_N16,1
HP1525301T2D_C15,1
HP1525301T2D_D14,1
HP1525301T2D_N20,1
HP1525301T2D_P20,1
HP1525301T2D_L16,1
HP1525301T2D_G5,1
HP1525301T2D_P4,1
HP1525301T2D_I17,1
HP1525301T2D_M6,1
HP1525301T2D_O8,1
HP1525301T2D_N1,1
HP1525301T2D_B21,1
HP1525301T2D_H16,1
HP1525301T2D_M15,1
HP1525301T2D_C19,1
HP1525301T2D_K2,1
HP1525301T2D_M9,1
HP1525301T2D_N15,1
HP1525301T2D_B14,1
HP1525301T2D_D4,1
HP1525301T2D_G10,1
HP1525301T2D_H2,1
HP1525301T2D_H1,1
HP1525301T2D_H18,1
HP1525301T2D_O16,1
HP1525301T2D_I24,1
HP1525301T2D_O24,1
HP1525301T2D_M20,1
HP1525301T2D_H17,1
HP1525301T2D_C21,1
HP1525301T2D_L13,1
HP1525301T2D_K17,1
HP1525301T2D_D8,1
HP1525301T2D_M12,1
HP1525301T2D_N12,1
HP1525301T2D_C11,1
HP1525301T2D_I8,1
HP1525301T2D_O22,1
HP1525301T2D_K1,1
HP1525301T2D_E17,1
HP1525301T2D_D15,1
HP1525301T2D_G21,1
HP1525301T2D_E4,1
HP1525301T2D_C22,1
HP1525301T2D_B3,1
HP1525301T2D_N6,1
HP1525301T2D_I16,1
HP1525301T2D_P23,1
HP1525301T2D_O10,1
HP1526901T2D_O5,1
HP1526901T2D_F15,1
HP1526901T2D_M8,1
HP1526901T2D_I1,1
HP1526901T2D_J18,1
HP1526901T2D_B24,1
HP1526901T2D_G24,1
HP1526901T2D_E23,1
HP1526901T2D_D4,1
HP1526901T2D_K4,1
HP1526901T2D_M20,1
HP1526901T2D_D22,1
HP1526901T2D_J11,1
HP1526901T2D_E9,1
HP1526901T2D_F24,1
HP1526901T2D_J3,1
HP1526901T2D_A11,1
HP1526901T2D_F16,1
HP1526901T2D_A24,1
HP1526901T2D_E22,1
HP1526901T2D_C14,1
HP1526901T2D_E1,1
HP1526901T2D_F22,1
HP1526901T2D_D3,1
HP1526901T2D_H9,1
HP1526901T2D_M14,1
HP1526901T2D_B23,1
HP1526901T2D_C22,1
HP1526901T2D_D2,1
HP1526901T2D_K1,1
HP1526901T2D_C23,1
HP1526901T2D_C20,1
HP1526901T2D_N21,1
HP1526901T2D_K19,1
HP1526901T2D_F8,1
HP1526901T2D_E14,1
HP1526901T2D_H21,1
HP1526901T2D_J12,1
HP1526901T2D_A21,1
HP1526901T2D_G22,1
HP1526901T2D_B5,1
HP1526901T2D_O4,1
HP1526901T2D_D12,1
HP1526901T2D_H5,1
HP1526901T2D_N11,1
HP1526901T2D_H8,1
HP1526901T2D_B3,1
D101_21,9
D1713_93,9
D172444_39,9
D17TGFB_7,9
D73_56,9
D28-1_2,9
D28-1_26,9
D28-2_76,9
D28-3_43,9
D28-7_86,9
D29-1_2,9
D29-7_18,9
D30-1_44,9
D30-1_77,9
D30-3_94,9
D30-7_90,9
D30-8_34,9
D30-8_87,9
D31-1_41,9
D31-3_71,9
D31-6_6,9
D31-6_70,9
D31-6_73,9
D31-7_4,9
D31-7_32,9
D31-8_39,9
10th_C46_S94,9
11th-C77_S82,9
12th-C69_S135,9
12th-C76_S177,9
13th_C23_S187,9
13th_C69_S173,9
13th_C72_S215,9
2nd-C21_S37,9
2nd-C2_S2,9
4th-C78_S58,9
5th-C47_S118,9
5th-C67_S105,3
9th-C36_S59,9
9th-C96_S81,9
HP1502401_I12,9
HP1504101T2D_C1,9
HP1504901_I17,9
HP1504901_P3,9
HP1504901_A23,9
HP1504901_P18,9
HP1504901_G10,9
HP1504901_F16,9
HP1504901_D4,9
HP1504901_E2,9
HP1507101_D10,9
HP1507101_P20,9
HP1508501T2D_K18,9
HP1509101_I17,9
HP1509101_H17,9
HP1509101_P14,9
HP1509101_K5,9
HP1509101_L18,9
HP1509101_F23,9
HP1509101_G21,9
HP1525301T2D_P15,9
D101_48,8
D10631_70,8
D1713_23,8
D1713_34,8
D1713_38,8
D1713_40,8
D1713_76,8
D17All1_68,8
D17All2_83,8
D17All2_86,8
D17All2_93,8
D17TGFB_77,8
D71_22,8
D72_25,8
D73_16,8
D73_39,8
D74_7,8
D74_44,8
D74_45,8
D28-2_41,8
D28-5_25,8
D28-5_28,8
D28-5_39,8
D28-5_51,8
D28-5_53,8
D28-5_56,8
D28-6_49,8
D28-6_64,8
D28-7_68,8
D28-7_74,8
D28-7_88,8
D28-8_16,8
D28-8_65,8
D28-8_66,8
D28-8_73,8
D29-1_61,8
D29-2_1,8
D29-8_4,8
D30-1_22,8
D30-1_25,8
D30-1_70,8
D30-1_79,8
D30-2_6,8
D30-2_29,8
D30-2_59,8
D30-2_77,8
D30-2_84,8
D30-2_92,8
D30-2_93,8
D30-3_6,8
D30-3_39,8
D30-3_59,8
D30-3_61,8
D30-3_72,8
D30-4_10,8
D30-4_30,8
D30-4_35,8
D30-4_55,8
D30-4_64,8
D30-4_78,8
D30-5_3,8
D30-5_4,8
D30-5_15,8
D30-5_29,8
D30-5_59,8
D30-5_72,8
D30-5_80,8
D30-5_90,8
D30-6_3,8
D30-6_10,8
D30-6_17,8
D30-6_23,8
D30-6_27,8
D30-6_84,8
D30-6_93,8
D30-7_30,8
D30-7_33,8
D30-7_38,8
D30-7_72,8
D30-7_81,8
D30-7_86,8
D30-8_15,8
D30-8_18,8
D30-8_25,8
D30-8_50,8
D30-8_57,8
D30-8_60,8
D30-8_91,8
D30-8_94,8
D31-1_23,8
D31-2_19,8
D31-2_24,8
D31-2_80,8
D31-2_85,8
D31-2_91,8
D31-3_15,8
D31-3_59,8
D31-4_67,8
D31-5_77,8
D31-5_78,8
D31-5_82,8
D31-5_83,8
D31-6_1,8
D31-6_84,8
D31-7_20,8
D31-7_48,8
D31-8_18,8
D31-8_56,8
D31-8_92,8
10th_C19_S62,8
10th_C56_S74,8
10th_C77_S120,8
11th-C16_S64,8
11th-C2_S8,8
11th-C40_S52,8
11th-C56_S32,8
12th-C36_S158,8
12th-C46_S145,8
12th-C94_S180,8
1st-C34_S54,8
1st-C42_S71,8
2nd-C54_S12,8
3rd-C42_S74,8
3rd-C51_S87,8
9th-C2_S2,8
AZ_F5,8
HP1502401_H18,8
HP1504101T2D_P3,8
HP1504101T2D_F18,8
HP1504901_I19,8
HP1504901_B24,8
HP1504901_M19,8
HP1504901_E9,8
HP1504901_J24,8
HP1504901_J18,8
HP1506401_B15,8
HP1506401_B20,8
HP1507101_G2,8
HP1507101_M10,8
HP1507101_J12,8
HP1507101_D9,8
HP1507101_C11,8
HP1507101_K13,8
HP1507101_E18,8
HP1507101_K20,8
HP1507101_L1,8
HP1507101_E23,8
HP1508501T2D_A8,8
HP1508501T2D_H5,8
HP1508501T2D_I3,8
HP1508501T2D_L10,8
HP1508501T2D_L15,8
HP1508501T2D_C12,8
HP1508501T2D_I19,8
HP1508501T2D_E20,8
HP1508501T2D_J2,8
HP1508501T2D_M10,8
HP1508501T2D_M21,8
HP1509101_D10,8
HP1509101_B12,8
HP1509101_P23,8
HP1509101_J14,8
HP1509101_B17,8
HP1525301T2D_P16,8
HP1525301T2D_F24,8
HP1525301T2D_O9,8
HP1525301T2D_E12,8
HP1525301T2D_F7,8
HP1525301T2D_B6,8
HP1525301T2D_E5,8
HP1525301T2D_L8,8
HP1525301T2D_E24,8
HP1525301T2D_K10,8
HP1525301T2D_M2,8
HP1525301T2D_J17,8
HP1525301T2D_D21,8
HP1526901T2D_P13,8
HP1526901T2D_E15,8
HP1526901T2D_O2,8
HP1526901T2D_I9,8
D102_21,8
D30-7_84,8
D31-2_4,8
D31-5_47,8
D31-6_23,8
13th_C36_S196,8
4th-C3_S1,8
6th-C62_S25,8
6th-C63_S26,8
9th-C22_S41,8
HP1504101T2D_H7,8
HP1504901_C2,8
D1713_28,6
D28-1_64,6
D28-2_66,6
D28-3_17,6
D29-2_55,6
D30-4_65,6
D30-8_21,6
3rd-C6_S44,6
7th-C44_S76,6
9th-C5_S8,6
HP1502401_J7,6
HP1507101_M16,6
HP1508501T2D_M1,6
HP1508501T2D_H12,6
HP1526901T2D_O12,6
HP1526901T2D_P8,6
HP1526901T2D_E17,6
D1713_62,6
D28-2_79,11
D28-3_88,11
D28-4_1,11
D28-6_15,11
D28-8_42,11
D28-8_50,11
D29-2_49,11
D29-8_67,11
D30-2_38,11
D30-2_79,11
D30-3_84,11
D30-5_41,11
D30-7_88,11
D31-5_72,11
D31-6_57,11
7th-C40_S70,11
AZ_E3,11
HP1507101_L8,11
HP1507101_N1,11
HP1508501T2D_F14,6
HP1508501T2D_C9,11
HP1525301T2D_I11,11
HP1526901T2D_G11,11
D17All2_88,12
D29-4_84,12
D29-7_71,12
D30-4_20,0
D31-6_25,12
9th-C84_S60,12
HP1502401_E14,12
HP1504101T2D_M8,0
HP1504101T2D_C16,12
HP1504901_F14,12
HP1504901_D18,12
HP1504901_C13,12
HP1506401_J16,12
HP1526901T2D_M13,12
D71_68,8
D28-3_1,8
D28-4_14,8
D28-5_88,8
D28-5_89,8
D28-6_1,8
D28-6_40,8
D28-6_43,8
D28-8_52,8
D29-3_73,8
D29-8_52,8
D31-4_16,8
D31-8_47,8
3rd-C35_S23,8
HP1504101T2D_P14,0
HP1504901_A22,8
HP1504901_M11,8
HP1504901_N21,8
HP1507101_P15,8
HP1508501T2D_M16,8
