adata_index_name,scarf_cluster_result,new_column
0,-1,0
1,4,1
2,5,2
3,1,3
4,5,4
5,1,5
6,5,6
7,-1,7
8,7,8
9,5,9
10,8,10
11,-1,11
12,1,12
13,2,13
14,9,14
15,-1,15
16,5,16
17,5,17
18,8,18
19,2,19
20,7,20
21,2,21
22,2,22
23,-1,23
24,-1,24
25,1,25
26,3,26
27,2,27
28,-1,28
29,5,29
30,9,30
31,5,31
32,7,32
33,7,33
34,4,34
35,8,35
36,5,36
37,7,37
38,1,38
39,3,39
40,5,40
41,6,41
42,-1,42
43,-1,43
44,5,44
45,4,45
46,5,46
47,9,47
48,-1,48
49,9,49
50,-1,50
51,1,51
52,7,52
53,-1,53
54,3,54
55,3,55
56,5,56
57,4,57
58,9,58
59,2,59
60,9,60
61,6,61
62,6,62
63,6,63
64,-1,64
65,7,65
66,-1,66
67,-1,67
68,2,68
69,7,69
70,7,70
71,7,71
72,1,72
73,5,73
74,1,74
75,1,75
76,5,76
77,5,77
78,3,78
79,2,79
80,2,80
81,2,81
82,1,82
83,3,83
84,-1,84
85,-1,85
86,3,86
87,7,87
88,9,88
89,7,89
90,2,90
91,9,91
92,-1,92
93,7,93
94,-1,94
95,2,95
96,4,96
97,-1,97
98,3,98
99,5,99
100,6,100
101,5,101
102,4,102
103,4,103
104,10,104
105,-1,105
106,8,106
107,3,107
108,5,108
109,4,109
110,2,110
111,8,111
112,-1,112
113,5,113
114,2,114
115,-1,115
116,3,116
117,1,117
118,-1,118
119,-1,119
120,7,120
121,7,121
122,8,122
123,3,123
124,3,124
125,3,125
126,10,126
127,4,127
128,7,128
129,4,129
130,5,130
131,8,131
132,1,132
133,9,133
134,-1,134
135,1,135
136,8,136
137,9,137
138,5,138
139,4,139
140,3,140
141,1,141
142,4,142
143,-1,143
144,6,144
145,9,145
146,4,146
147,-1,147
148,2,148
149,-1,149
150,10,150
151,4,151
152,1,152
153,4,153
154,1,154
155,-1,155
156,-1,156
157,7,157
158,1,158
159,10,159
160,1,160
161,1,161
162,2,162
163,1,163
164,-1,164
165,-1,165
166,2,166
167,-1,167
168,8,168
169,4,169
170,-1,170
171,5,171
172,3,172
173,2,173
174,-1,174
175,-1,175
176,-1,176
177,3,177
178,4,178
179,9,179
180,3,180
181,1,181
182,3,182
183,4,183
184,4,184
185,-1,185
186,5,186
187,2,187
188,-1,188
189,2,189
190,5,190
191,7,191
192,-1,192
193,2,193
194,4,194
195,3,195
196,5,196
197,6,197
198,2,198
199,-1,199
200,-1,200
201,7,201
202,10,202
203,5,203
204,5,204
205,4,205
206,5,206
207,5,207
208,5,208
209,-1,209
210,8,210
211,9,211
212,1,212
213,5,213
214,2,214
215,6,215
216,-1,216
217,1,217
218,5,218
219,3,219
220,-1,220
221,6,221
222,5,222
223,1,223
224,6,224
225,7,225
226,1,226
227,1,227
228,6,228
229,-1,229
230,5,230
231,7,231
232,4,232
233,3,233
234,-1,234
235,1,235
236,6,236
237,5,237
238,-1,238
239,6,239
240,3,240
241,7,241
242,-1,242
243,2,243
244,5,244
245,1,245
246,4,246
247,1,247
248,-1,248
249,4,249
250,1,250
251,4,251
252,5,252
253,8,253
254,9,254
255,2,255
256,9,256
257,2,257
258,9,258
259,3,259
260,2,260
261,-1,261
262,8,262
263,-1,263
264,3,264
265,4,265
266,5,266
267,-1,267
268,1,268
269,9,269
270,-1,270
271,3,271
272,3,272
273,8,273
274,4,274
275,2,275
276,8,276
277,2,277
278,1,278
279,-1,279
280,4,280
281,4,281
282,9,282
283,4,283
284,2,284
285,-1,285
286,3,286
287,-1,287
288,4,288
289,3,289
290,4,290
291,6,291
292,5,292
293,9,293
294,3,294
295,3,295
296,9,296
297,3,297
298,8,298
299,1,299
300,4,300
301,8,301
302,7,302
303,1,303
304,3,304
305,10,305
306,3,306
307,8,307
308,-1,308
309,8,309
310,1,310
311,-1,311
312,3,312
313,4,313
314,-1,314
315,2,315
316,5,316
317,3,317
318,3,318
319,-1,319
320,8,320
321,-1,321
322,3,322
323,3,323
324,6,324
325,-1,325
326,8,326
327,-1,327
328,4,328
329,8,329
330,3,330
331,-1,331
332,-1,332
333,-1,333
334,4,334
335,8,335
336,3,336
337,8,337
338,4,338
339,-1,339
340,4,340
341,9,341
342,4,342
343,1,343
344,3,344
345,4,345
346,-1,346
347,1,347
348,1,348
349,4,349
350,2,350
351,2,351
352,-1,352
353,3,353
354,-1,354
355,8,355
356,2,356
357,4,357
358,3,358
359,3,359
360,4,360
361,6,361
362,2,362
363,5,363
364,-1,364
365,1,365
366,2,366
367,-1,367
368,-1,368
369,7,369
370,8,370
371,6,371
372,-1,372
373,2,373
374,6,374
375,-1,375
376,-1,376
377,-1,377
378,7,378
379,6,379
380,4,380
381,2,381
382,7,382
383,5,383
384,-1,384
385,6,385
386,8,386
387,4,387
388,4,388
389,-1,389
390,2,390
391,5,391
392,6,392
393,8,393
394,-1,394
395,8,395
396,-1,396
397,-1,397
398,4,398
399,7,399
400,6,400
401,-1,401
402,1,402
403,-1,403
404,-1,404
405,-1,405
406,8,406
407,-1,407
408,4,408
409,-1,409
410,4,410
411,3,411
412,4,412
413,7,413
414,2,414
415,2,415
416,1,416
417,-1,417
418,-1,418
419,4,419
420,9,420
421,3,421
422,4,422
423,-1,423
424,3,424
425,7,425
426,2,426
427,4,427
428,4,428
429,-1,429
430,-1,430
431,7,431
432,1,432
433,3,433
434,4,434
435,4,435
436,1,436
437,-1,437
438,-1,438
439,6,439
440,7,440
441,7,441
442,-1,442
443,3,443
444,1,444
445,8,445
446,2,446
447,2,447
448,7,448
449,5,449
450,-1,450
451,1,451
452,-1,452
453,6,453
454,4,454
455,5,455
456,3,456
457,1,457
458,6,458
459,6,459
460,5,460
461,1,461
462,-1,462
463,2,463
464,2,464
465,1,465
466,-1,466
467,7,467
468,4,468
469,2,469
470,6,470
471,1,471
472,4,472
473,-1,473
474,-1,474
475,-1,475
476,6,476
477,8,477
478,-1,478
479,-1,479
480,1,480
481,4,481
482,1,482
483,1,483
484,7,484
485,1,485
486,3,486
487,1,487
488,4,488
489,1,489
490,8,490
491,8,491
492,8,492
493,2,493
494,2,494
495,7,495
496,7,496
497,-1,497
498,4,498
499,-1,499
500,1,500
501,-1,501
502,1,502
503,9,503
504,3,504
505,-1,505
506,2,506
507,9,507
508,3,508
509,4,509
510,4,510
511,2,511
512,-1,512
513,-1,513
514,-1,514
515,-1,515
516,3,516
517,1,517
518,4,518
519,2,519
520,9,520
521,-1,521
522,3,522
523,-1,523
524,2,524
525,-1,525
526,-1,526
527,3,527
528,1,528
529,-1,529
530,2,530
531,1,531
532,-1,532
533,-1,533
534,1,534
535,6,535
536,5,536
537,1,537
538,3,538
539,-1,539
540,2,540
541,-1,541
542,3,542
543,4,543
544,-1,544
545,3,545
546,3,546
547,8,547
548,1,548
549,4,549
550,1,550
551,-1,551
552,4,552
553,7,553
554,4,554
555,1,555
556,-1,556
557,1,557
558,-1,558
559,2,559
560,2,560
561,-1,561
562,4,562
563,8,563
564,3,564
565,3,565
566,-1,566
567,6,567
568,-1,568
569,-1,569
570,-1,570
571,-1,571
572,4,572
573,2,573
574,8,574
575,1,575
576,1,576
577,-1,577
578,-1,578
579,4,579
580,-1,580
581,3,581
582,7,582
583,2,583
584,-1,584
585,1,585
586,1,586
587,2,587
588,8,588
589,4,589
590,2,590
591,2,591
592,-1,592
593,1,593
594,2,594
595,2,595
596,1,596
597,-1,597
598,-1,598
599,2,599
600,4,600
601,-1,601
602,1,602
603,7,603
604,2,604
605,4,605
606,4,606
607,-1,607
608,2,608
609,3,609
610,-1,610
611,-1,611
612,-1,612
613,8,613
614,-1,614
615,5,615
616,-1,616
617,-1,617
618,8,618
619,8,619
620,4,620
621,2,621
622,1,622
623,9,623
624,-1,624
625,7,625
626,-1,626
627,-1,627
628,-1,628
629,-1,629
630,-1,630
631,-1,631
632,-1,632
633,7,633
634,4,634
635,4,635
636,-1,636
637,2,637
638,4,638
639,3,639
640,2,640
641,-1,641
642,3,642
643,-1,643
644,2,644
645,-1,645
646,-1,646
647,-1,647
648,2,648
649,4,649
650,3,650
651,-1,651
652,2,652
653,-1,653
654,8,654
655,8,655
656,1,656
657,4,657
658,-1,658
659,1,659
660,6,660
661,2,661
662,1,662
663,3,663
664,4,664
665,-1,665
666,-1,666
667,8,667
668,9,668
669,8,669
670,7,670
671,2,671
672,-1,672
673,8,673
674,3,674
675,1,675
676,-1,676
677,-1,677
678,4,678
679,7,679
680,3,680
681,8,681
682,3,682
683,8,683
684,-1,684
685,3,685
686,1,686
687,2,687
688,3,688
689,-1,689
690,-1,690
691,1,691
692,4,692
693,4,693
694,-1,694
695,2,695
696,2,696
697,1,697
698,6,698
699,-1,699
700,6,700
701,-1,701
702,6,702
703,5,703
704,5,704
705,6,705
706,-1,706
707,1,707
708,9,708
709,2,709
710,5,710
711,6,711
712,5,712
713,-1,713
714,9,714
715,-1,715
716,1,716
717,2,717
718,-1,718
719,5,719
720,-1,720
721,6,721
722,6,722
723,-1,723
724,7,724
725,2,725
726,9,726
727,5,727
728,2,728
729,3,729
730,3,730
731,3,731
732,4,732
733,9,733
734,9,734
735,1,735
736,1,736
737,-1,737
738,1,738
739,1,739
740,2,740
741,9,741
742,6,742
743,-1,743
744,1,744
745,4,745
746,2,746
747,3,747
748,1,748
749,-1,749
750,3,750
751,9,751
752,4,752
753,6,753
754,2,754
755,7,755
756,2,756
757,-1,757
758,1,758
759,-1,759
760,1,760
761,1,761
762,-1,762
763,-1,763
764,4,764
765,1,765
766,1,766
767,6,767
768,4,768
769,3,769
770,-1,770
771,-1,771
772,2,772
773,4,773
774,1,774
775,9,775
776,8,776
777,3,777
778,3,778
779,3,779
780,8,780
781,2,781
782,4,782
783,6,783
784,1,784
785,8,785
786,7,786
787,1,787
788,6,788
789,6,789
790,6,790
791,1,791
792,5,792
793,2,793
794,1,794
795,4,795
796,2,796
797,2,797
798,3,798
799,1,799
800,-1,800
801,-1,801
802,9,802
803,1,803
804,1,804
805,2,805
806,2,806
807,7,807
808,6,808
809,3,809
810,-1,810
811,4,811
812,2,812
813,5,813
814,8,814
815,1,815
816,10,816
817,3,817
818,9,818
819,7,819
820,2,820
821,6,821
822,2,822
823,-1,823
824,1,824
825,2,825
826,-1,826
827,8,827
828,2,828
829,-1,829
830,10,830
831,-1,831
832,1,832
833,3,833
834,1,834
835,1,835
836,7,836
837,8,837
838,10,838
839,10,839
840,7,840
841,3,841
842,3,842
843,4,843
844,-1,844
845,3,845
846,4,846
847,-1,847
848,3,848
849,3,849
850,4,850
851,2,851
852,-1,852
853,3,853
854,7,854
855,-1,855
856,3,856
857,-1,857
858,8,858
859,10,859
860,1,860
861,1,861
862,2,862
863,4,863
864,4,864
865,4,865
866,3,866
867,-1,867
868,3,868
869,3,869
870,-1,870
871,8,871
872,4,872
873,10,873
874,1,874
875,1,875
876,3,876
877,1,877
878,7,878
879,2,879
880,5,880
881,7,881
882,8,882
883,3,883
884,6,884
885,2,885
886,-1,886
887,4,887
888,1,888
889,6,889
890,-1,890
891,-1,891
892,-1,892
893,3,893
894,1,894
895,4,895
896,1,896
897,9,897
898,9,898
899,2,899
900,7,900
901,3,901
902,3,902
903,1,903
904,2,904
905,-1,905
906,-1,906
907,-1,907
908,1,908
909,7,909
910,1,910
911,2,911
912,4,912
913,3,913
914,1,914
915,2,915
916,4,916
917,5,917
918,1,918
919,1,919
920,10,920
921,2,921
922,-1,922
923,-1,923
924,3,924
925,4,925
926,10,926
927,3,927
928,4,928
929,-1,929
930,4,930
931,2,931
932,2,932
933,3,933
934,3,934
935,9,935
936,4,936
937,1,937
938,1,938
939,9,939
940,-1,940
941,8,941
942,2,942
943,3,943
944,3,944
945,1,945
946,1,946
947,7,947
948,8,948
949,2,949
950,1,950
951,9,951
952,-1,952
953,3,953
954,4,954
955,10,955
956,2,956
957,3,957
958,8,958
959,-1,959
960,1,960
961,-1,961
962,-1,962
963,10,963
964,3,964
965,-1,965
966,7,966
967,6,967
968,3,968
969,6,969
970,9,970
971,5,971
972,-1,972
973,5,973
974,-1,974
975,3,975
976,5,976
977,3,977
978,2,978
979,5,979
980,1,980
981,4,981
982,3,982
983,4,983
984,3,984
985,9,985
986,1,986
987,6,987
988,2,988
989,7,989
990,1,990
991,4,991
992,4,992
993,2,993
994,-1,994
995,-1,995
996,4,996
997,2,997
998,3,998
999,-1,999
1000,3,1000
1001,2,1001
1002,6,1002
1003,9,1003
1004,10,1004
1005,10,1005
1006,1,1006
1007,10,1007
1008,7,1008
1009,3,1009
1010,1,1010
1011,4,1011
1012,10,1012
1013,-1,1013
1014,1,1014
1015,4,1015
1016,1,1016
1017,6,1017
1018,10,1018
1019,4,1019
1020,-1,1020
1021,-1,1021
1022,-1,1022
1023,-1,1023
1024,3,1024
1025,7,1025
1026,3,1026
1027,1,1027
1028,3,1028
1029,8,1029
1030,3,1030
1031,8,1031
1032,4,1032
1033,4,1033
1034,2,1034
1035,8,1035
1036,-1,1036
1037,-1,1037
1038,1,1038
1039,10,1039
1040,2,1040
1041,3,1041
1042,3,1042
1043,1,1043
1044,7,1044
1045,4,1045
1046,-1,1046
1047,8,1047
1048,2,1048
1049,8,1049
1050,-1,1050
1051,8,1051
1052,1,1052
1053,3,1053
1054,3,1054
1055,-1,1055
1056,7,1056
1057,-1,1057
1058,5,1058
1059,5,1059
1060,2,1060
1061,3,1061
1062,6,1062
1063,5,1063
1064,-1,1064
1065,2,1065
1066,7,1066
1067,5,1067
1068,5,1068
1069,5,1069
1070,1,1070
1071,-1,1071
1072,5,1072
1073,1,1073
1074,2,1074
1075,2,1075
1076,5,1076
1077,5,1077
1078,6,1078
1079,2,1079
1080,2,1080
1081,1,1081
1082,1,1082
1083,9,1083
1084,4,1084
1085,8,1085
1086,5,1086
1087,6,1087
1088,4,1088
1089,2,1089
1090,1,1090
1091,-1,1091
1092,9,1092
1093,9,1093
1094,5,1094
1095,-1,1095
1096,1,1096
1097,6,1097
1098,3,1098
1099,2,1099
1100,9,1100
1101,6,1101
1102,6,1102
1103,6,1103
1104,2,1104
1105,9,1105
1106,9,1106
1107,4,1107
1108,-1,1108
1109,-1,1109
1110,-1,1110
1111,2,1111
1112,5,1112
1113,7,1113
1114,2,1114
1115,-1,1115
1116,8,1116
1117,2,1117
1118,-1,1118
1119,1,1119
1120,7,1120
1121,4,1121
1122,3,1122
1123,4,1123
1124,2,1124
1125,-1,1125
1126,-1,1126
1127,1,1127
1128,-1,1128
1129,2,1129
1130,7,1130
1131,6,1131
1132,5,1132
1133,6,1133
1134,5,1134
1135,3,1135
1136,-1,1136
1137,1,1137
1138,5,1138
1139,6,1139
1140,3,1140
1141,5,1141
1142,5,1142
1143,7,1143
1144,1,1144
1145,-1,1145
1146,4,1146
1147,5,1147
1148,2,1148
1149,-1,1149
1150,-1,1150
1151,1,1151
1152,2,1152
1153,5,1153
1154,-1,1154
1155,4,1155
1156,3,1156
1157,8,1157
1158,5,1158
1159,6,1159
1160,7,1160
1161,8,1161
1162,2,1162
1163,2,1163
1164,7,1164
1165,-1,1165
1166,6,1166
1167,5,1167
1168,8,1168
1169,4,1169
1170,9,1170
1171,8,1171
1172,-1,1172
1173,6,1173
1174,6,1174
1175,9,1175
1176,3,1176
1177,2,1177
1178,3,1178
1179,1,1179
1180,5,1180
1181,4,1181
1182,3,1182
1183,2,1183
1184,7,1184
1185,9,1185
1186,-1,1186
1187,-1,1187
1188,1,1188
1189,1,1189
1190,2,1190
1191,3,1191
1192,1,1192
1193,8,1193
1194,8,1194
1195,7,1195
1196,9,1196
1197,3,1197
1198,4,1198
1199,9,1199
1200,7,1200
1201,3,1201
1202,1,1202
1203,2,1203
1204,1,1204
1205,8,1205
1206,8,1206
1207,5,1207
1208,1,1208
1209,-1,1209
1210,3,1210
1211,-1,1211
1212,7,1212
1213,3,1213
1214,2,1214
1215,4,1215
1216,6,1216
1217,9,1217
1218,2,1218
1219,7,1219
1220,2,1220
1221,9,1221
1222,-1,1222
1223,7,1223
1224,6,1224
1225,-1,1225
1226,-1,1226
1227,7,1227
1228,-1,1228
1229,-1,1229
1230,5,1230
1231,4,1231
1232,7,1232
1233,2,1233
1234,6,1234
1235,6,1235
1236,9,1236
1237,1,1237
1238,-1,1238
1239,5,1239
1240,6,1240
1241,5,1241
1242,1,1242
1243,4,1243
1244,2,1244
1245,1,1245
1246,2,1246
1247,-1,1247
1248,5,1248
1249,3,1249
1250,-1,1250
1251,1,1251
1252,3,1252
1253,4,1253
1254,7,1254
1255,4,1255
1256,6,1256
1257,7,1257
1258,-1,1258
1259,-1,1259
1260,3,1260
1261,8,1261
1262,8,1262
1263,6,1263
1264,-1,1264
1265,2,1265
1266,4,1266
1267,3,1267
1268,10,1268
1269,1,1269
1270,2,1270
1271,2,1271
1272,5,1272
1273,6,1273
1274,4,1274
1275,7,1275
1276,8,1276
1277,-1,1277
1278,1,1278
1279,7,1279
1280,-1,1280
1281,8,1281
1282,4,1282
1283,4,1283
1284,-1,1284
1285,7,1285
1286,3,1286
1287,2,1287
1288,-1,1288
1289,-1,1289
1290,3,1290
1291,-1,1291
1292,1,1292
1293,3,1293
1294,1,1294
1295,5,1295
1296,3,1296
1297,2,1297
1298,1,1298
1299,-1,1299
1300,7,1300
1301,4,1301
1302,3,1302
1303,2,1303
1304,-1,1304
1305,4,1305
1306,-1,1306
1307,9,1307
1308,1,1308
1309,5,1309
1310,7,1310
1311,5,1311
1312,5,1312
1313,5,1313
1314,5,1314
1315,7,1315
1316,6,1316
1317,9,1317
1318,7,1318
1319,-1,1319
1320,1,1320
1321,6,1321
1322,5,1322
1323,3,1323
1324,-1,1324
1325,-1,1325
1326,6,1326
1327,5,1327
1328,2,1328
1329,3,1329
1330,2,1330
1331,9,1331
1332,5,1332
1333,-1,1333
1334,1,1334
1335,6,1335
1336,1,1336
1337,-1,1337
1338,3,1338
1339,8,1339
1340,7,1340
1341,5,1341
1342,4,1342
1343,1,1343
1344,1,1344
1345,2,1345
1346,4,1346
1347,7,1347
1348,-1,1348
1349,6,1349
1350,8,1350
1351,4,1351
1352,4,1352
1353,4,1353
1354,3,1354
1355,1,1355
1356,4,1356
1357,-1,1357
1358,2,1358
1359,1,1359
1360,2,1360
1361,4,1361
1362,7,1362
1363,7,1363
1364,4,1364
1365,3,1365
1366,7,1366
1367,5,1367
1368,-1,1368
1369,7,1369
1370,-1,1370
1371,4,1371
1372,7,1372
1373,4,1373
1374,8,1374
1375,1,1375
1376,-1,1376
1377,1,1377
1378,-1,1378
1379,3,1379
1380,3,1380
1381,8,1381
1382,6,1382
1383,-1,1383
1384,-1,1384
1385,2,1385
1386,-1,1386
1387,4,1387
1388,8,1388
1389,9,1389
1390,5,1390
1391,5,1391
1392,7,1392
1393,-1,1393
1394,-1,1394
1395,-1,1395
1396,5,1396
1397,-1,1397
1398,6,1398
1399,-1,1399
1400,-1,1400
1401,6,1401
1402,5,1402
1403,1,1403
1404,6,1404
1405,3,1405
1406,-1,1406
1407,4,1407
1408,7,1408
1409,6,1409
1410,3,1410
1411,1,1411
1412,-1,1412
1413,3,1413
1414,2,1414
1415,6,1415
1416,9,1416
1417,5,1417
1418,2,1418
1419,2,1419
1420,-1,1420
1421,4,1421
1422,6,1422
1423,5,1423
1424,9,1424
1425,5,1425
1426,6,1426
1427,1,1427
1428,2,1428
1429,9,1429
1430,6,1430
1431,6,1431
1432,4,1432
1433,2,1433
1434,6,1434
1435,2,1435
1436,10,1436
1437,-1,1437
1438,9,1438
1439,1,1439
1440,2,1440
1441,-1,1441
1442,5,1442
1443,6,1443
1444,1,1444
1445,1,1445
1446,3,1446
1447,2,1447
1448,3,1448
1449,6,1449
1450,2,1450
1451,-1,1451
1452,7,1452
1453,3,1453
1454,-1,1454
1455,-1,1455
1456,1,1456
1457,-1,1457
1458,3,1458
1459,1,1459
1460,5,1460
1461,7,1461
1462,2,1462
1463,3,1463
1464,9,1464
1465,3,1465
1466,-1,1466
1467,5,1467
1468,1,1468
1469,4,1469
1470,1,1470
1471,-1,1471
1472,7,1472
1473,-1,1473
1474,-1,1474
1475,-1,1475
1476,7,1476
1477,-1,1477
1478,7,1478
1479,6,1479
1480,5,1480
1481,6,1481
1482,-1,1482
1483,4,1483
1484,-1,1484
1485,-1,1485
1486,-1,1486
1487,3,1487
1488,7,1488
1489,3,1489
1490,6,1490
1491,9,1491
1492,2,1492
1493,1,1493
1494,7,1494
1495,6,1495
1496,1,1496
1497,3,1497
1498,-1,1498
1499,4,1499
1500,-1,1500
1501,-1,1501
1502,1,1502
1503,3,1503
1504,6,1504
1505,-1,1505
1506,4,1506
1507,6,1507
1508,3,1508
1509,2,1509
1510,6,1510
1511,3,1511
1512,1,1512
1513,3,1513
1514,7,1514
1515,-1,1515
1516,6,1516
1517,1,1517
1518,6,1518
1519,1,1519
1520,-1,1520
1521,5,1521
1522,6,1522
1523,-1,1523
1524,9,1524
1525,4,1525
1526,2,1526
1527,2,1527
1528,-1,1528
1529,-1,1529
1530,1,1530
1531,6,1531
1532,5,1532
1533,3,1533
1534,2,1534
1535,-1,1535
1536,-1,1536
1537,9,1537
1538,3,1538
1539,2,1539
1540,1,1540
1541,-1,1541
1542,8,1542
1543,5,1543
1544,1,1544
1545,-1,1545
1546,2,1546
1547,-1,1547
1548,2,1548
1549,3,1549
1550,3,1550
1551,3,1551
1552,5,1552
1553,10,1553
1554,2,1554
1555,6,1555
1556,9,1556
1557,6,1557
1558,1,1558
1559,-1,1559
1560,1,1560
1561,5,1561
1562,5,1562
1563,4,1563
1564,-1,1564
1565,-1,1565
1566,2,1566
1567,9,1567
1568,-1,1568
1569,1,1569
1570,9,1570
1571,6,1571
1572,3,1572
1573,5,1573
1574,8,1574
1575,1,1575
1576,-1,1576
1577,9,1577
1578,2,1578
1579,-1,1579
1580,-1,1580
1581,-1,1581
1582,2,1582
1583,-1,1583
1584,-1,1584
1585,5,1585
1586,-1,1586
1587,3,1587
1588,3,1588
1589,8,1589
1590,6,1590
1591,4,1591
1592,3,1592
1593,7,1593
1594,1,1594
1595,2,1595
1596,5,1596
1597,5,1597
1598,5,1598
1599,1,1599
1600,7,1600
1601,2,1601
1602,-1,1602
1603,-1,1603
1604,-1,1604
1605,6,1605
1606,6,1606
1607,-1,1607
1608,-1,1608
1609,1,1609
1610,4,1610
1611,5,1611
1612,1,1612
1613,-1,1613
1614,3,1614
1615,3,1615
1616,-1,1616
1617,1,1617
1618,1,1618
1619,3,1619
1620,7,1620
1621,-1,1621
1622,3,1622
1623,-1,1623
1624,-1,1624
1625,2,1625
1626,-1,1626
1627,6,1627
1628,2,1628
1629,9,1629
1630,-1,1630
1631,9,1631
1632,6,1632
1633,-1,1633
1634,2,1634
1635,5,1635
1636,9,1636
1637,3,1637
1638,1,1638
1639,6,1639
1640,5,1640
1641,-1,1641
1642,1,1642
1643,5,1643
1644,1,1644
1645,1,1645
1646,4,1646
1647,-1,1647
1648,4,1648
1649,1,1649
1650,3,1650
1651,2,1651
1652,3,1652
1653,7,1653
1654,-1,1654
1655,-1,1655
1656,-1,1656
1657,3,1657
1658,6,1658
1659,3,1659
1660,7,1660
1661,1,1661
1662,5,1662
1663,1,1663
1664,-1,1664
1665,-1,1665
1666,2,1666
1667,6,1667
1668,5,1668
1669,5,1669
1670,6,1670
1671,6,1671
1672,6,1672
1673,-1,1673
1674,3,1674
1675,7,1675
1676,5,1676
1677,5,1677
1678,-1,1678
1679,2,1679
1680,7,1680
1681,-1,1681
1682,1,1682
1683,5,1683
1684,6,1684
1685,5,1685
1686,5,1686
1687,6,1687
1688,7,1688
1689,6,1689
1690,6,1690
1691,5,1691
1692,2,1692
1693,7,1693
1694,8,1694
1695,1,1695
1696,1,1696
1697,-1,1697
1698,5,1698
1699,2,1699
1700,5,1700
1701,6,1701
1702,-1,1702
1703,3,1703
1704,2,1704
1705,2,1705
1706,5,1706
1707,-1,1707
1708,9,1708
1709,3,1709
1710,-1,1710
1711,2,1711
1712,7,1712
1713,4,1713
1714,-1,1714
1715,2,1715
1716,5,1716
1717,8,1717
1718,5,1718
1719,7,1719
1720,8,1720
1721,1,1721
1722,3,1722
1723,5,1723
1724,7,1724
1725,7,1725
1726,-1,1726
1727,7,1727
1728,1,1728
1729,9,1729
1730,2,1730
1731,-1,1731
1732,5,1732
1733,5,1733
1734,2,1734
1735,7,1735
1736,2,1736
1737,1,1737
1738,-1,1738
1739,-1,1739
1740,4,1740
1741,4,1741
1742,4,1742
1743,9,1743
1744,1,1744
1745,-1,1745
1746,6,1746
1747,6,1747
1748,6,1748
1749,7,1749
1750,6,1750
1751,1,1751
1752,3,1752
1753,2,1753
1754,1,1754
1755,-1,1755
1756,2,1756
1757,7,1757
1758,2,1758
1759,9,1759
1760,5,1760
1761,2,1761
1762,9,1762
1763,3,1763
1764,3,1764
1765,3,1765
1766,3,1766
1767,6,1767
1768,-1,1768
1769,4,1769
1770,1,1770
1771,7,1771
1772,3,1772
1773,-1,1773
1774,-1,1774
1775,5,1775
1776,3,1776
1777,3,1777
1778,4,1778
1779,2,1779
1780,8,1780
1781,-1,1781
1782,5,1782
1783,3,1783
1784,9,1784
1785,8,1785
1786,1,1786
1787,-1,1787
1788,10,1788
1789,8,1789
1790,-1,1790
1791,7,1791
1792,3,1792
1793,9,1793
1794,3,1794
1795,-1,1795
1796,8,1796
1797,-1,1797
1798,-1,1798
1799,4,1799
1800,3,1800
1801,8,1801
1802,8,1802
1803,3,1803
1804,3,1804
1805,4,1805
1806,6,1806
1807,1,1807
1808,-1,1808
1809,4,1809
1810,4,1810
1811,3,1811
1812,9,1812
1813,7,1813
1814,8,1814
1815,-1,1815
1816,1,1816
1817,8,1817
1818,2,1818
1819,3,1819
1820,1,1820
1821,3,1821
1822,3,1822
1823,9,1823
1824,8,1824
1825,1,1825
1826,3,1826
1827,-1,1827
1828,8,1828
1829,-1,1829
1830,4,1830
1831,1,1831
1832,4,1832
1833,2,1833
1834,7,1834
1835,2,1835
1836,5,1836
1837,9,1837
1838,3,1838
1839,-1,1839
1840,3,1840
1841,1,1841
1842,9,1842
1843,-1,1843
1844,1,1844
1845,5,1845
1846,6,1846
1847,5,1847
1848,1,1848
1849,1,1849
1850,6,1850
1851,6,1851
1852,5,1852
1853,6,1853
1854,-1,1854
1855,5,1855
1856,6,1856
1857,2,1857
1858,-1,1858
1859,-1,1859
1860,1,1860
1861,1,1861
1862,2,1862
1863,1,1863
1864,-1,1864
1865,5,1865
1866,5,1866
1867,6,1867
1868,5,1868
1869,5,1869
1870,6,1870
1871,6,1871
1872,-1,1872
1873,3,1873
1874,8,1874
1875,7,1875
1876,-1,1876
1877,7,1877
1878,3,1878
1879,1,1879
1880,-1,1880
1881,1,1881
1882,7,1882
1883,3,1883
1884,2,1884
1885,2,1885
1886,5,1886
1887,6,1887
1888,2,1888
1889,3,1889
1890,-1,1890
1891,7,1891
1892,2,1892
1893,2,1893
1894,9,1894
1895,9,1895
1896,3,1896
1897,8,1897
1898,1,1898
1899,5,1899
1900,-1,1900
1901,2,1901
1902,7,1902
1903,6,1903
1904,3,1904
1905,2,1905
1906,7,1906
1907,8,1907
1908,-1,1908
1909,8,1909
1910,7,1910
1911,4,1911
1912,2,1912
1913,1,1913
1914,2,1914
1915,5,1915
1916,5,1916
1917,1,1917
1918,1,1918
1919,4,1919
1920,7,1920
1921,7,1921
1922,3,1922
1923,2,1923
1924,2,1924
1925,7,1925
1926,3,1926
1927,1,1927
1928,4,1928
1929,4,1929
1930,4,1930
1931,2,1931
1932,-1,1932
1933,1,1933
1934,-1,1934
1935,7,1935
1936,2,1936
1937,3,1937
1938,2,1938
1939,2,1939
1940,1,1940
1941,3,1941
1942,2,1942
1943,2,1943
1944,5,1944
1945,-1,1945
1946,5,1946
1947,4,1947
1948,4,1948
1949,1,1949
1950,1,1950
1951,2,1951
1952,1,1952
1953,7,1953
1954,-1,1954
1955,1,1955
1956,4,1956
1957,4,1957
1958,7,1958
1959,4,1959
1960,-1,1960
1961,9,1961
1962,1,1962
1963,2,1963
1964,5,1964
1965,7,1965
1966,1,1966
1967,9,1967
1968,3,1968
1969,7,1969
1970,8,1970
1971,10,1971
1972,4,1972
1973,9,1973
1974,6,1974
1975,4,1975
1976,3,1976
1977,-1,1977
1978,-1,1978
1979,-1,1979
1980,4,1980
1981,7,1981
1982,6,1982
1983,3,1983
1984,-1,1984
1985,10,1985
1986,4,1986
1987,10,1987
1988,-1,1988
1989,8,1989
1990,9,1990
1991,8,1991
1992,3,1992
1993,4,1993
1994,8,1994
1995,3,1995
1996,3,1996
1997,8,1997
1998,2,1998
1999,3,1999
2000,3,2000
2001,-1,2001
2002,8,2002
2003,-1,2003
2004,8,2004
2005,2,2005
2006,-1,2006
2007,8,2007
2008,-1,2008
2009,4,2009
2010,4,2010
2011,2,2011
2012,-1,2012
2013,1,2013
2014,8,2014
2015,8,2015
2016,-1,2016
2017,-1,2017
2018,4,2018
2019,3,2019
2020,-1,2020
2021,9,2021
2022,3,2022
2023,8,2023
2024,7,2024
2025,-1,2025
2026,-1,2026
2027,3,2027
2028,-1,2028
2029,6,2029
2030,7,2030
2031,6,2031
2032,-1,2032
2033,5,2033
2034,5,2034
2035,6,2035
2036,7,2036
2037,1,2037
2038,6,2038
2039,3,2039
2040,2,2040
2041,1,2041
2042,7,2042
2043,6,2043
2044,6,2044
2045,2,2045
2046,3,2046
2047,2,2047
2048,2,2048
2049,5,2049
2050,3,2050
2051,-1,2051
2052,-1,2052
2053,9,2053
2054,1,2054
2055,1,2055
2056,2,2056
2057,1,2057
2058,1,2058
2059,4,2059
2060,4,2060
2061,1,2061
2062,4,2062
2063,7,2063
2064,1,2064
2065,-1,2065
2066,5,2066
2067,4,2067
2068,7,2068
2069,-1,2069
2070,1,2070
2071,1,2071
2072,6,2072
2073,5,2073
2074,-1,2074
2075,10,2075
2076,-1,2076
2077,10,2077
2078,1,2078
2079,3,2079
2080,8,2080
2081,2,2081
2082,4,2082
2083,10,2083
2084,3,2084
2085,1,2085
2086,2,2086
2087,4,2087
2088,3,2088
2089,5,2089
2090,2,2090
2091,-1,2091
2092,-1,2092
2093,3,2093
2094,10,2094
2095,1,2095
2096,-1,2096
2097,2,2097
2098,-1,2098
2099,4,2099
2100,3,2100
2101,-1,2101
2102,3,2102
2103,-1,2103
2104,7,2104
2105,10,2105
2106,8,2106
2107,-1,2107
2108,8,2108
2109,6,2109
2110,3,2110
2111,4,2111
2112,1,2112
2113,8,2113
2114,3,2114
2115,4,2115
2116,4,2116
2117,2,2117
2118,-1,2118
2119,4,2119
2120,10,2120
2121,3,2121
2122,3,2122
2123,3,2123
2124,5,2124
2125,1,2125
2126,10,2126
2127,1,2127
2128,10,2128
2129,2,2129
2130,10,2130
2131,-1,2131
2132,10,2132
2133,4,2133
2134,10,2134
2135,10,2135
2136,-1,2136
2137,2,2137
2138,4,2138
2139,4,2139
2140,8,2140
2141,3,2141
2142,-1,2142
2143,1,2143
2144,1,2144
2145,-1,2145
2146,10,2146
2147,10,2147
2148,4,2148
2149,-1,2149
2150,10,2150
2151,10,2151
2152,4,2152
2153,1,2153
2154,-1,2154
2155,9,2155
2156,5,2156
2157,10,2157
2158,-1,2158
2159,-1,2159
2160,-1,2160
2161,-1,2161
2162,-1,2162
2163,-1,2163
2164,3,2164
2165,10,2165
2166,-1,2166
2167,10,2167
2168,4,2168
2169,10,2169
2170,-1,2170
2171,8,2171
2172,-1,2172
2173,10,2173
2174,4,2174
2175,1,2175
2176,-1,2176
2177,4,2177
2178,10,2178
2179,4,2179
2180,4,2180
2181,10,2181
2182,10,2182
2183,7,2183
2184,2,2184
2185,3,2185
2186,4,2186
2187,-1,2187
2188,1,2188
2189,1,2189
2190,10,2190
2191,2,2191
2192,3,2192
2193,1,2193
2194,-1,2194
2195,1,2195
2196,2,2196
2197,-1,2197
2198,-1,2198
2199,-1,2199
2200,4,2200
2201,5,2201
2202,1,2202
2203,5,2203
2204,-1,2204
2205,8,2205
2206,-1,2206
2207,5,2207
2208,4,2208
2209,1,2209
2210,6,2210
2211,9,2211
2212,1,2212
2213,-1,2213
2214,-1,2214
2215,3,2215
2216,6,2216
2217,2,2217
2218,-1,2218
2219,2,2219
2220,6,2220
2221,-1,2221
2222,3,2222
2223,-1,2223
2224,1,2224
2225,4,2225
2226,2,2226
2227,4,2227
2228,3,2228
2229,3,2229
2230,-1,2230
2231,4,2231
2232,-1,2232
2233,4,2233
2234,4,2234
2235,10,2235
2236,-1,2236
2237,10,2237
2238,1,2238
2239,-1,2239
2240,1,2240
2241,4,2241
2242,10,2242
2243,1,2243
2244,-1,2244
2245,2,2245
2246,-1,2246
2247,-1,2247
2248,4,2248
2249,10,2249
2250,1,2250
2251,-1,2251
2252,6,2252
2253,8,2253
2254,4,2254
2255,-1,2255
2256,2,2256
2257,1,2257
2258,-1,2258
2259,7,2259
2260,9,2260
2261,1,2261
2262,10,2262
2263,-1,2263
2264,-1,2264
2265,8,2265
2266,3,2266
2267,10,2267
2268,10,2268
2269,2,2269
2270,8,2270
2271,1,2271
2272,3,2272
2273,7,2273
2274,4,2274
2275,1,2275
2276,4,2276
2277,10,2277
2278,3,2278
2279,4,2279
2280,-1,2280
2281,1,2281
2282,3,2282
2283,7,2283
2284,7,2284
2285,3,2285
2286,9,2286
2287,1,2287
2288,-1,2288
2289,5,2289
2290,4,2290
2291,1,2291
2292,2,2292
2293,-1,2293
2294,7,2294
2295,7,2295
2296,-1,2296
2297,9,2297
2298,4,2298
2299,1,2299
2300,1,2300
2301,5,2301
2302,2,2302
2303,-1,2303
2304,4,2304
2305,10,2305
2306,-1,2306
2307,7,2307
2308,2,2308
2309,4,2309
2310,10,2310
2311,1,2311
2312,10,2312
2313,-1,2313
2314,1,2314
2315,5,2315
2316,4,2316
2317,4,2317
2318,4,2318
2319,4,2319
2320,-1,2320
2321,9,2321
2322,6,2322
2323,-1,2323
2324,1,2324
2325,-1,2325
2326,-1,2326
2327,4,2327
2328,3,2328
2329,5,2329
2330,10,2330
2331,10,2331
2332,1,2332
2333,10,2333
2334,-1,2334
2335,2,2335
2336,-1,2336
2337,1,2337
2338,-1,2338
2339,1,2339
2340,2,2340
2341,2,2341
2342,6,2342
2343,1,2343
2344,10,2344
2345,1,2345
2346,10,2346
2347,4,2347
2348,-1,2348
2349,4,2349
2350,-1,2350
2351,-1,2351
2352,4,2352
2353,10,2353
2354,9,2354
2355,1,2355
2356,10,2356
2357,10,2357
2358,4,2358
2359,10,2359
2360,10,2360
2361,-1,2361
2362,-1,2362
2363,9,2363
2364,-1,2364
2365,-1,2365
2366,-1,2366
2367,4,2367
2368,3,2368
2369,3,2369
2370,1,2370
2371,-1,2371
2372,-1,2372
2373,6,2373
2374,1,2374
2375,-1,2375
2376,4,2376
2377,-1,2377
2378,-1,2378
2379,5,2379
2380,6,2380
2381,3,2381
2382,-1,2382
2383,5,2383
2384,-1,2384
2385,2,2385
2386,1,2386
2387,8,2387
2388,-1,2388
2389,7,2389
2390,1,2390
2391,1,2391
2392,-1,2392
2393,5,2393
2394,-1,2394
2395,1,2395
2396,1,2396
2397,3,2397
2398,7,2398
2399,6,2399
2400,5,2400
2401,1,2401
2402,2,2402
2403,7,2403
2404,2,2404
2405,2,2405
2406,6,2406
2407,6,2407
2408,-1,2408
2409,8,2409
2410,4,2410
2411,6,2411
2412,2,2412
2413,-1,2413
2414,1,2414
2415,4,2415
2416,-1,2416
2417,-1,2417
2418,-1,2418
2419,7,2419
2420,2,2420
2421,-1,2421
2422,1,2422
2423,1,2423
2424,7,2424
2425,-1,2425
2426,8,2426
2427,6,2427
2428,-1,2428
2429,5,2429
2430,1,2430
2431,1,2431
2432,1,2432
2433,1,2433
2434,-1,2434
2435,6,2435
2436,-1,2436
2437,1,2437
2438,-1,2438
2439,8,2439
2440,1,2440
2441,5,2441
2442,-1,2442
2443,-1,2443
2444,2,2444
2445,-1,2445
2446,-1,2446
2447,2,2447
2448,4,2448
2449,8,2449
2450,-1,2450
2451,2,2451
2452,-1,2452
2453,-1,2453
2454,4,2454
2455,9,2455
2456,8,2456
2457,-1,2457
2458,3,2458
2459,6,2459
2460,6,2460
2461,6,2461
2462,5,2462
2463,4,2463
2464,3,2464
2465,5,2465
2466,8,2466
2467,-1,2467
2468,-1,2468
2469,8,2469
2470,1,2470
2471,5,2471
2472,-1,2472
2473,-1,2473
2474,2,2474
2475,-1,2475
2476,-1,2476
2477,-1,2477
2478,-1,2478
2479,6,2479
2480,2,2480
2481,2,2481
2482,5,2482
2483,-1,2483
2484,1,2484
2485,2,2485
2486,1,2486
2487,-1,2487
2488,2,2488
2489,6,2489
2490,1,2490
2491,1,2491
2492,5,2492
2493,-1,2493
2494,4,2494
2495,4,2495
2496,3,2496
2497,5,2497
2498,6,2498
2499,1,2499
2500,2,2500
2501,4,2501
2502,5,2502
2503,-1,2503
2504,1,2504
2505,2,2505
2506,2,2506
2507,-1,2507
2508,-1,2508
2509,7,2509
2510,8,2510
2511,-1,2511
2512,6,2512
2513,7,2513
2514,-1,2514
2515,-1,2515
2516,-1,2516
2517,2,2517
2518,3,2518
2519,5,2519
2520,-1,2520
2521,-1,2521
2522,-1,2522
2523,2,2523
2524,3,2524
2525,4,2525
2526,1,2526
2527,4,2527
2528,2,2528
2529,-1,2529
2530,6,2530
2531,-1,2531
2532,1,2532
2533,2,2533
2534,1,2534
2535,1,2535
2536,2,2536
2537,7,2537
2538,6,2538
2539,-1,2539
2540,-1,2540
2541,1,2541
2542,7,2542
2543,8,2543
2544,-1,2544
2545,-1,2545
2546,7,2546
2547,-1,2547
2548,6,2548
2549,-1,2549
2550,3,2550
2551,2,2551
2552,8,2552
2553,8,2553
2554,3,2554
2555,4,2555
2556,1,2556
2557,2,2557
2558,5,2558
2559,5,2559
2560,-1,2560
2561,4,2561
2562,3,2562
2563,-1,2563
2564,-1,2564
2565,-1,2565
2566,1,2566
2567,3,2567
2568,3,2568
2569,-1,2569
2570,-1,2570
2571,-1,2571
2572,1,2572
2573,6,2573
2574,-1,2574
2575,1,2575
2576,1,2576
2577,9,2577
2578,4,2578
2579,4,2579
2580,-1,2580
2581,5,2581
2582,5,2582
2583,-1,2583
2584,1,2584
2585,4,2585
2586,-1,2586
2587,4,2587
2588,-1,2588
2589,4,2589
2590,4,2590
2591,3,2591
2592,-1,2592
2593,1,2593
2594,1,2594
2595,6,2595
2596,2,2596
2597,4,2597
2598,7,2598
2599,4,2599
2600,-1,2600
2601,3,2601
2602,-1,2602
2603,-1,2603
2604,2,2604
2605,-1,2605
2606,7,2606
2607,1,2607
2608,1,2608
2609,-1,2609
2610,3,2610
2611,-1,2611
2612,-1,2612
2613,1,2613
2614,2,2614
2615,7,2615
2616,-1,2616
2617,7,2617
2618,2,2618
2619,3,2619
2620,-1,2620
2621,1,2621
2622,2,2622
2623,7,2623
2624,2,2624
2625,7,2625
2626,8,2626
2627,2,2627
2628,1,2628
2629,1,2629
2630,-1,2630
2631,-1,2631
2632,2,2632
2633,1,2633
2634,6,2634
2635,7,2635
2636,-1,2636
2637,3,2637
2638,-1,2638
2639,7,2639
2640,1,2640
2641,1,2641
2642,6,2642
2643,2,2643
2644,3,2644
2645,8,2645
2646,1,2646
2647,-1,2647
2648,-1,2648
2649,-1,2649
2650,-1,2650
2651,2,2651
2652,3,2652
2653,-1,2653
2654,1,2654
2655,4,2655
2656,4,2656
2657,-1,2657
2658,-1,2658
2659,-1,2659
2660,1,2660
2661,2,2661
2662,2,2662
2663,7,2663
2664,-1,2664
2665,8,2665
2666,4,2666
2667,1,2667
2668,1,2668
2669,7,2669
2670,-1,2670
2671,-1,2671
2672,-1,2672
2673,2,2673
2674,-1,2674
2675,-1,2675
2676,5,2676
2677,4,2677
2678,4,2678
2679,1,2679
2680,2,2680
2681,1,2681
2682,4,2682
2683,7,2683
2684,8,2684
2685,-1,2685
2686,1,2686
2687,-1,2687
2688,-1,2688
2689,2,2689
2690,-1,2690
2691,7,2691
2692,1,2692
2693,6,2693
2694,-1,2694
2695,1,2695
2696,2,2696
2697,1,2697
2698,1,2698
2699,1,2699
2700,2,2700
2701,1,2701
2702,1,2702
2703,7,2703
2704,8,2704
2705,6,2705
2706,-1,2706
2707,-1,2707
2708,-1,2708
2709,-1,2709
2710,2,2710
2711,8,2711
2712,-1,2712
2713,-1,2713
2714,-1,2714
2715,3,2715
2716,4,2716
2717,4,2717
2718,2,2718
2719,2,2719
2720,2,2720
2721,2,2721
2722,-1,2722
2723,1,2723
2724,1,2724
2725,3,2725
2726,4,2726
2727,-1,2727
2728,1,2728
2729,3,2729
